/*
SQLyog v10.2 
MySQL - 5.5.32-0ubuntu0.12.04.1 : Database - glp
*********************************************************************
*/

/*!40101 SET NAMES utf8 */;

/*!40101 SET SQL_MODE=''*/;

/*!40014 SET @OLD_UNIQUE_CHECKS=@@UNIQUE_CHECKS, UNIQUE_CHECKS=0 */;
/*!40101 SET @OLD_SQL_MODE=@@SQL_MODE, SQL_MODE='NO_AUTO_VALUE_ON_ZERO' */;
/*!40111 SET @OLD_SQL_NOTES=@@SQL_NOTES, SQL_NOTES=0 */;
CREATE DATABASE /*!32312 IF NOT EXISTS*/`glp` /*!40100 DEFAULT CHARACTER SET utf8 */;

/*Data for the table `GLP_COMMON_DATA_TYPE` */

LOCK TABLES `GLP_COMMON_DATA_TYPE` WRITE;

insert  into `GLP_COMMON_DATA_TYPE`(`ID`,`NAME`) values ('1','business category'),('2','activity type'),('3','business internal role id'),('4','Import Website Type');

UNLOCK TABLES;

/*Data for the table `GLP_COMMON_DATA` */

LOCK TABLES `GLP_COMMON_DATA` WRITE;

insert  into `GLP_COMMON_DATA`(`ID`,`NAME`,`PARENT_ID`,`IORDER`,`TYPE_ID`) values ('0100000000','Animals & Pet Supplies',NULL,1,'1'),('0101000000','Live Animals','0100000000',1,'1'),('0102000000','Pet Supplies','0100000000',2,'1'),('0102010000','Bird Supplies','0102000000',1,'1'),('0102010100','Bird Cages and Stands','0102010000',1,'1'),('0102010200','Bird Food','0102010000',2,'1'),('0102010300','Bird Ladders & Perches','0102010000',3,'1'),('0102010400','Bird Toys','0102010000',4,'1'),('0102010500','Bird Treats','0102010000',5,'1'),('0102020000','Cat Supplies','0102000000',2,'1'),('0102020100','Cat Apparel','0102020000',1,'1'),('0102020200','Cat Beds','0102020000',2,'1'),('0102020300','Cat Bowls, Feeders & Waterers','0102020000',3,'1'),('0102020400','Cat Carriers & Crates','0102020000',4,'1'),('0102020500','Cat Collars & Harnesses','0102020000',5,'1'),('0102020600','Cat Flea & Tick Control','0102020000',6,'1'),('0102020700','Cat Food','0102020000',7,'1'),('0102020800','Cat Furniture','0102020000',8,'1'),('0102020900','Cat Leashes','0102020000',9,'1'),('0102021000','Cat Litter','0102020000',10,'1'),('0102021100','Cat Litter Boxes','0102020000',11,'1'),('0102021200','Cat Toys','0102020000',12,'1'),('0102021300','Cat Treats','0102020000',13,'1'),('0102030000','Dog Supplies','0102000000',3,'1'),('0102030100','Dog Apparel','0102030000',1,'1'),('0102030200','Dog Beds','0102030000',2,'1'),('0102030300','Dog Bowls, Feeders & Waterers','0102030000',3,'1'),('0102030400','Dog Carriers & Crates','0102030000',4,'1'),('0102030500','Dog Collars & Harnesses','0102030000',5,'1'),('0102030600','Dog Flea & Tick Control','0102030000',6,'1'),('0102030700','Dog Food','0102030000',7,'1'),('0102030800','Dog Houses','0102030000',8,'1'),('0102030900','Dog Leashes','0102030000',9,'1'),('0102031000','Dog Toys','0102030000',10,'1'),('0102031100','Dog Treats','0102030000',11,'1'),('0102040000','Fish Supplies','0102000000',4,'1'),('0102040100','Aquarium Air Pumps','0102040000',1,'1'),('0102040200','Aquarium Decor','0102040000',2,'1'),('0102040300','Aquarium Gravel & Substrates','0102040000',3,'1'),('0102040400','Aquarium Heating','0102040000',4,'1'),('0102040500','Aquarium Lighting','0102040000',5,'1'),('0102040600','Aquarium Stands','0102040000',6,'1'),('0102040700','Aquarium Water Pumps','0102040000',7,'1'),('0102040800','Aquarium Water Treatments','0102040000',8,'1'),('0102040900','Aquariums','0102040000',9,'1'),('0102041000','Aquatic Plant Fertilizers','0102040000',10,'1'),('0102041100','Fish Feeders','0102040000',11,'1'),('0102041200','Fish Food','0102040000',12,'1'),('0102050000','Pet Apparel Hangers','0102000000',5,'1'),('0102060000','Pet Bells & Charms','0102000000',6,'1'),('0102070000','Pet Bowls, Feeders & Waterers','0102000000',7,'1'),('0102080000','Pet Carriers & Crates','0102000000',8,'1'),('0102090000','Pet Collars & Harnesses','0102000000',9,'1'),('0102100000','Pet Containment Systems','0102000000',10,'1'),('0102110000','Pet Flea & Tick Control','0102000000',11,'1'),('0102120000','Pet Food Containers','0102000000',12,'1'),('0102130000','Pet Food Scoops','0102000000',13,'1'),('0102140000','Pet Grooming Supplies','0102000000',14,'1'),('0102140100','Pet Clippers & Trimmers','0102140000',1,'1'),('0102140200','Pet Combs & Brushes','0102140000',2,'1'),('0102140300','Pet Shampoo & Conditioner','0102140000',3,'1'),('0102150000','Pet ID Tags','0102000000',15,'1'),('0102160000','Pet Leash Extensions','0102000000',16,'1'),('0102170000','Pet Leashes','0102000000',17,'1'),('0102180000','Pet Medical Collars','0102000000',18,'1'),('0102190000','Pet Medicine','0102000000',19,'1'),('0102200000','Pet Muzzles','0102000000',20,'1'),('0102210000','Pet Playpens','0102000000',21,'1'),('0102220000','Pet Scales','0102000000',22,'1'),('0102230000','Pet Strollers','0102000000',23,'1'),('0102240000','Pet Training Pads','0102000000',24,'1'),('0102250000','Pet Vitamins & Supplements','0102000000',25,'1'),('0102260000','Reptile & Amphibian Supplies','0102000000',26,'1'),('0102260100','Reptile & Amphibian Food','0102260000',1,'1'),('0102260200','Reptile & Amphibian Habitat Accessories','0102260000',2,'1'),('0102260300','Reptile & Amphibian Habitat Heating & Lighting','0102260000',3,'1'),('0102260400','Reptile & Amphibian Habitats','0102260000',4,'1'),('0102260500','Reptile & Amphibian Substrates','0102260000',5,'1'),('0102270000','Small Animal Supplies','0102000000',27,'1'),('0102270100','Small Animal Bedding','0102270000',1,'1'),('0102270200','Small Animal Food','0102270000',2,'1'),('0102270300','Small Animal Habitat Accessories','0102270000',3,'1'),('0102270400','Small Animal Habitats & Cages','0102270000',4,'1'),('0200000000','Apparel & Accessories',NULL,2,'1'),('0201000000','Badge & Pass Holders','0200000000',1,'1'),('0202000000','Business Card Cases','0200000000',2,'1'),('0203000000','Clothing','0200000000',3,'1'),('0203010000','Activewear','0203000000',1,'1'),('0203010100','Active Dresses','0203010000',1,'1'),('0203010200','Active Jackets','0203010000',2,'1'),('0203010300','Active Leotards','0203010000',3,'1'),('0203010400','Active Pants','0203010000',4,'1'),('0203010500','Active Shirts','0203010000',5,'1'),('0203010600','Active Shorts','0203010000',6,'1'),('0203010700','Active Skirts','0203010000',7,'1'),('0203010800','Active Tanks','0203010000',8,'1'),('0203010900','Active Undergarments','0203010000',9,'1'),('0203011000','Bicycle Activewear','0203010000',10,'1'),('0203011100','Boxing Shorts','0203010000',11,'1'),('0203011200','Dancewear','0203010000',12,'1'),('0203011300','Football Pants','0203010000',13,'1'),('0203011400','Hunting Clothing','0203010000',14,'1'),('0203011500','Long Johns','0203010000',15,'1'),('0203011600','Martial Arts Shorts','0203010000',16,'1'),('0203011700','Motorcycle Protective Clothing','0203010000',17,'1'),('0203011800','Paintball Clothing','0203010000',18,'1'),('0203011900','Sauna Suits','0203010000',19,'1'),('0203012000','Snow Pants & Suits','0203010000',20,'1'),('0203012100','Sweatshirts','0203010000',21,'1'),('0203020000','Baby & Toddler Clothing','0203000000',2,'1'),('0203020100','Baby & Toddler Bottoms','0203020000',1,'1'),('0203020200','Baby & Toddler Diaper Covers','0203020000',2,'1'),('0203020300','Baby & Toddler Dresses','0203020000',3,'1'),('0203020400','Baby & Toddler Outerwear','0203020000',4,'1'),('0203020500','Baby & Toddler Outfits','0203020000',5,'1'),('0203020600','Baby & Toddler Socks & Tights','0203020000',6,'1'),('0203020700','Baby & Toddler Swimwear','0203020000',7,'1'),('0203020800','Baby & Toddler Tops','0203020000',8,'1'),('0203020900','Baby Onesies','0203020000',9,'1'),('0203021000','Baby Sleepwear & Swaddlers','0203020000',10,'1'),('0203021100','Toddler Underwear','0203020000',11,'1'),('0203030000','Dresses','0203000000',3,'1'),('0203030100','Day Dresses','0203030000',1,'1'),('0203030200','Formal Dresses','0203030000',2,'1'),('0203030300','Little Black Dresses','0203030000',3,'1'),('0203040000','One-pieces','0203000000',4,'1'),('0203040100','Jumpsuits & Rompers','0203040000',1,'1'),('0203040200','Leotards & Unitards','0203040000',2,'1'),('0203050000','Outerwear','0203000000',5,'1'),('0203050100','Chaps','0203050000',1,'1'),('0203050200','Coats & Jackets','0203050000',2,'1'),('0203050300','Rain Gear','0203050000',3,'1'),('0203050400','Vests','0203050000',4,'1'),('0203060000','Pants','0203000000',6,'1'),('0203060100','Cargo Pants','0203060000',1,'1'),('0203060200','Dress Pants','0203060000',2,'1'),('0203060300','Jeans','0203060000',3,'1'),('0203060400','Khaki & Chino Pants','0203060000',4,'1'),('0203060500','Leather & Suede Pants','0203060000',5,'1'),('0203060600','Leggings','0203060000',6,'1'),('0203060700','Linen Pants','0203060000',7,'1'),('0203070000','Shirts & Tops','0203000000',7,'1'),('0203070100','Camisoles & Tank Tops','0203070000',1,'1'),('0203070200','Polo Shirts','0203070000',2,'1'),('0203070300','Shirts & Blouses','0203070000',3,'1'),('0203070400','Sports Fan Jerseys','0203070000',4,'1'),('0203070500','Sweaters & Cardigans','0203070000',5,'1'),('0203070600','T-Shirts','0203070000',6,'1'),('0203070700','Bermuda Shorts','0203070000',7,'1'),('0203080000','Shorts','0203000000',8,'1'),('0203080100','Cargo Shorts','0203080000',1,'1'),('0203080200','Short Shorts','0203080000',2,'1'),('0203090000','Skirts','0203000000',9,'1'),('0203100000','Skorts','0203000000',10,'1'),('0203110000','Sleepwear & Loungewear','0203000000',11,'1'),('0203110100','Loungewear','0203110000',1,'1'),('0203110200','Nightgowns','0203110000',2,'1'),('0203110300','Pajamas','0203110000',3,'1'),('0203110400','Robes','0203110000',4,'1'),('0203120000','Suits','0203000000',12,'1'),('0203120100','Pant Suits','0203120000',1,'1'),('0203120200','Skirt Suits','0203120000',2,'1'),('0203120300','Suit Separates','0203120000',3,'1'),('0203120400','Tuxedos','0203120000',4,'1'),('0203130000','Swimwear','0203000000',13,'1'),('0203130100','Cover-Ups','0203130000',1,'1'),('0203130200','One-Piece Swimsuits','0203130000',2,'1'),('0203130300','Swim Briefs','0203130000',3,'1'),('0203130400','Swim Shorts','0203130000',4,'1'),('0203130500','Swimsuit Bottoms','0203130000',5,'1'),('0203130600','Swimsuit Tops','0203130000',6,'1'),('0203130700','Two-Piece Swimsuits','0203130000',7,'1'),('0203140000','Traditional & Ceremonial Clothing','0203000000',14,'1'),('0203140100','Dirndls','0203140000',1,'1'),('0203140200','Hakama Trousers','0203140000',2,'1'),('0203140300','Kimono Outerwear','0203140000',3,'1'),('0203140400','Kimonos','0203140000',4,'1'),('0203140500','Religious Ceremonial Clothing','0203140000',5,'1'),('0203140600','Yukata','0203140000',6,'1'),('0203150000','Underwear & Socks','0203000000',15,'1'),('0203150100','Bras','0203150000',1,'1'),('0203150200','Bridal Intimates','0203150000',2,'1'),('0203150300','Hosiery','0203150000',3,'1'),('0203150400','Lingerie','0203150000',4,'1'),('0203150500','Lingerie Accessories','0203150000',5,'1'),('0203150600','Petticoats & Pettipants','0203150000',6,'1'),('0203150700','Shapewear','0203150000',7,'1'),('0203150800','Socks','0203150000',8,'1'),('0203150900','Undershirts','0203150000',9,'1'),('0203151000','Underwear','0203150000',10,'1'),('0203151100','Underwear Slips','0203150000',11,'1'),('0203160000','Uniforms','0203000000',16,'1'),('0203160100','Chef\'s Jackets','0203160000',1,'1'),('0203160200','Contractor Pants & Coveralls','0203160000',2,'1'),('0203160300','Flight Suits','0203160000',3,'1'),('0203160400','Military Uniforms','0203160000',4,'1'),('0203160500','School Uniforms','0203160000',5,'1'),('0203160600','Security Uniforms','0203160000',6,'1'),('0203160700','Sports Uniforms','0203160000',7,'1'),('0203160800','White Coats','0203160000',8,'1'),('0203170000','Wedding & Bridal Party Dresses','0203000000',17,'1'),('0203170100','Bridal Party Dresses','0203170000',1,'1'),('0203170200','Wedding Dresses','0203170000',2,'1'),('0204000000','Clothing Accessories','0200000000',4,'1'),('0204010000','Aprons','0204000000',1,'1'),('0204020000','Arm & Leg Warmers','0204000000',2,'1'),('0204020100','Arm Warmers','0204020000',1,'1'),('0204020200','Leg Warmers','0204020000',2,'1'),('0204030000','Baby & Toddler Clothing Accessories','0204000000',3,'1'),('0204030100','Baby & Toddler Belts','0204030000',1,'1'),('0204030200','Baby & Toddler Gloves & Mittens','0204030000',2,'1'),('0204030300','Baby & Toddler Hats','0204030000',3,'1'),('0204030400','Baby Protective Wear','0204030000',4,'1'),('0204040000','Balaclavas','0204000000',4,'1'),('0204050000','Bandanas & Headties','0204000000',5,'1'),('0204060000','Belt Buckles','0204000000',6,'1'),('0204070000','Belts','0204000000',7,'1'),('0204080000','Bridal Accessories','0204000000',8,'1'),('0204090000','Earmuffs','0204000000',9,'1'),('0204100000','Folding Fans','0204000000',10,'1'),('0204110000','Formal Gloves','0204000000',11,'1'),('0204120000','Gloves & Mittens','0204000000',12,'1'),('0204120100','Gloves','0204120000',1,'1'),('0204120200','Mittens','0204120000',2,'1'),('0204120300','Ski & Snowboard Gloves','0204120000',3,'1'),('0204130000','Hair Accessories','0204000000',13,'1'),('0204130100','Hair Claws','0204130000',1,'1'),('0204130200','Hair Combs','0204130000',2,'1'),('0204130300','Hair Extensions','0204130000',3,'1'),('0204130400','Hair Forks & Sticks','0204130000',4,'1'),('0204130500','Hair Nets','0204130000',5,'1'),('0204130600','Hair Pins & Clips','0204130000',6,'1'),('0204130700','Hair Wreaths','0204130000',7,'1'),('0204130800','Headbands','0204130000',8,'1'),('0204130900','Ponytail Holders','0204130000',9,'1'),('0204131000','Tiaras','0204130000',10,'1'),('0204140000','Handkerchiefs','0204000000',14,'1'),('0204150000','Hats','0204000000',15,'1'),('0204150100','Beanies','0204150000',1,'1'),('0204150200','Berets','0204150000',2,'1'),('0204150300','Bowler & Derby Hats','0204150000',3,'1'),('0204150400','Caps','0204150000',4,'1'),('0204150500','Cowboys Hats','0204150000',5,'1'),('0204150600','Fedoras','0204150000',6,'1'),('0204150700','Sun Hats','0204150000',7,'1'),('0204150800','Visors','0204150000',8,'1'),('0204160000','Headwear','0204000000',16,'1'),('0204160100','Headdresses','0204160000',1,'1'),('0204160200','Turbans','0204160000',2,'1'),('0204170000','Leis','0204000000',17,'1'),('0204180000','Neckties','0204000000',18,'1'),('0204180100','Kimono Underclothes','0204180000',1,'1'),('0204180200','Obi Accessories','0204180000',2,'1'),('0204180300','Obis','0204180000',3,'1'),('0204180400','Tabi Socks','0204180000',4,'1'),('0204190000','Veils','0204000000',19,'1'),('0204200000','Wallets & Money Clips','0204000000',20,'1'),('0204210000','Wristbands','0204000000',21,'1'),('0205000000','Costumes & Accessories','0200000000',5,'1'),('0205010000','Costume Accessories','0205000000',1,'1'),('0205010100','Costume Capes','0205010000',1,'1'),('0205010200','Costume Hats','0205010000',2,'1'),('0205020000','Costume Shoes','0205000000',2,'1'),('0205030000','Costumes','0205000000',3,'1'),('0205040000','Masks','0205000000',4,'1'),('0205050000','Wigs','0205000000',5,'1'),('0206000000','Handbag & Wallet Accessories','0200000000',6,'1'),('0206010000','Checkbook Covers','0206000000',1,'1'),('0206020000','Wallet Chains','0206000000',2,'1'),('0207000000','Handbags','0200000000',7,'1'),('0207010000','Clutches & Special Occasion Bags','0207000000',1,'1'),('0207020000','Cross-Body Handbags','0207000000',2,'1'),('0207030000','Hobo Handbags','0207000000',3,'1'),('0207040000','Satchels','0207000000',4,'1'),('0207050000','Shoulder Bags','0207000000',5,'1'),('0207060000','Tote Handbags','0207000000',6,'1'),('0207070000','Wristlets','0207000000',7,'1'),('0208000000','Handbags, Wallets & Cases','0200000000',8,'1'),('0209000000','Jewelry','0200000000',9,'1'),('0209010000','Anklets','0209000000',1,'1'),('0209020000','Body Jewelry','0209000000',2,'1'),('0209030000','Bracelets','0209000000',3,'1'),('0209040000','Brooches & Lapels','0209000000',4,'1'),('0209050000','Charms & Pendants','0209000000',5,'1'),('0209060000','Cufflinks','0209000000',6,'1'),('0209070000','Earrings','0209000000',7,'1'),('0209080000','Jewelry Sets','0209000000',8,'1'),('0209090000','Necklaces','0209000000',9,'1'),('0209100000','Precious Stones','0209000000',10,'1'),('0209110000','Rings','0209000000',11,'1'),('0209120000','Watch Accessories','0209000000',12,'1'),('0209130000','Watches','0209000000',13,'1'),('0210000000','Lanyards','0200000000',10,'1'),('0211000000','Shoe Accessories','0200000000',11,'1'),('0211010000','Boot Liners','0211000000',1,'1'),('0211020000','Shoe Covers','0211000000',2,'1'),('0211030000','Shoelaces','0211000000',3,'1'),('0211040000','Spurs','0211000000',4,'1'),('0212000000','Shoes','0200000000',12,'1'),('0212010000','Athletic Shoes','0212000000',1,'1'),('0212010100','Ballet & Dance Shoes','0212010000',1,'1'),('0212010200','Baseball & Softball Cleats','0212010000',2,'1'),('0212010300','Basketball Shoes','0212010000',3,'1'),('0212010400','Bicycle Shoes','0212010000',4,'1'),('0212010500','Bowling Shoes','0212010000',5,'1'),('0212010600','Cheerleading Shoes','0212010000',6,'1'),('0212010700','Cross Training Shoes','0212010000',7,'1'),('0212010800','Football Cleats','0212010000',8,'1'),('0212010900','Golf Shoes','0212010000',9,'1'),('0212011000','Lacrosse Cleats','0212010000',10,'1'),('0212011100','Rugby Boots','0212010000',11,'1'),('0212011200','Running Shoes','0212010000',12,'1'),('0212011300','Skateboarding Shoes','0212010000',13,'1'),('0212011400','Soccer Cleats','0212010000',14,'1'),('0212011500','Tennis Shoes','0212010000',15,'1'),('0212011600','Volleyball Shoes','0212010000',16,'1'),('0212011700','Walking Shoes','0212010000',17,'1'),('0212011800','Weightlifting Shoes','0212010000',18,'1'),('0212011900','Wrestling Shoes','0212010000',19,'1'),('0212020000','Baby & Toddler Shoes','0212000000',2,'1'),('0212030000','Boots','0212000000',3,'1'),('0212030100','Motorcycle Boots','0212030000',1,'1'),('0212030200','Rain Boots','0212030000',2,'1'),('0212030300','Riding Boots','0212030000',3,'1'),('0212030400','Shearling & Fur Trimmed Boots','0212030000',4,'1'),('0212030500','Snow Boots','0212030000',5,'1'),('0212030600','Western Boots','0212030000',6,'1'),('0212030700','Work & Safety Boots','0212030000',7,'1'),('0212040000','Bridal Shoes','0212000000',4,'1'),('0212050000','Clogs & Mules','0212000000',5,'1'),('0212060000','Flats','0212000000',6,'1'),('0212070000','Loafers','0212000000',7,'1'),('0212080000','Outdoor Shoes','0212000000',8,'1'),('0212080100','Climbing Shoes','0212080000',1,'1'),('0212080200','Fishing & Hunting Shoes','0212080000',2,'1'),('0212080300','Gardening Shoes','0212080000',3,'1'),('0212080400','Hiking Shoes','0212080000',4,'1'),('0212080500','Performance Boating Shoes','0212080000',5,'1'),('0212080600','Water Shoes','0212080000',6,'1'),('0212090000','Oxford Shoes','0212000000',9,'1'),('0212100000','Pumps','0212000000',10,'1'),('0212100100','Basic Pumps','0212100000',1,'1'),('0212100200','D\'orsay & Two-Piece Pumps','0212100000',2,'1'),('0212100300','Spectator Pumps','0212100000',3,'1'),('0212110000','Sandals','0212000000',11,'1'),('0212110100','Espadrilles','0212110000',1,'1'),('0212110200','Fisherman Sandals','0212110000',2,'1'),('0212110300','Slide Sandals','0212110000',3,'1'),('0212110400','Thongs & Flip-Flops','0212110000',4,'1'),('0212120000','Slippers','0212000000',12,'1'),('0212130000','Sneakers','0212000000',13,'1'),('0300000000','Arts & Entertainment',NULL,3,'1'),('0301000000','Hobbies & Creative Arts','0300000000',1,'1'),('0301010000','Artwork','0301000000',1,'1'),('0301010100','Drawings & Illustrations','0301010000',1,'1'),('0301010200','Mixed Media Art','0301010000',2,'1'),('0301010300','Paintings','0301010000',3,'1'),('0301010400','Photographs','0301010000',4,'1'),('0301010500','Posters','0301010000',5,'1'),('0301010600','Sculptures & Statues','0301010000',6,'1'),('0301020000','Collectibles','0301000000',2,'1'),('0301020100','Autographs','0301020000',1,'1'),('0301020200','Collectible Coins & Currency','0301020000',2,'1'),('0301020300','Collectible Weapons','0301020000',3,'1'),('0301020400','Postage Stamps','0301020000',4,'1'),('0301020500','Rocks & Fossils','0301020000',5,'1'),('0301020600','Scale Model Accessories','0301020000',6,'1'),('0301020700','Seal Stamps','0301020000',7,'1'),('0301020800','Sports Collectibles','0301020000',8,'1'),('0301020900','Vintage Advertisements','0301020000',9,'1'),('0301030000','Crafts & Hobbies','0301000000',3,'1'),('0301030100','Art Paper','0301030000',1,'1'),('0301030200','Candle & Soap Making','0301030000',2,'1'),('0301030300','Craft & Hobby Storage','0301030000',3,'1'),('0301030400','Craft Foam & Styrofoam','0301030000',4,'1'),('0301030500','Craft Magnets','0301030000',5,'1'),('0301030600','Craft Pipe Cleaners','0301030000',6,'1'),('0301030700','Decorative Stickers','0301030000',7,'1'),('0301030800','Drawing & Painting','0301030000',8,'1'),('0301030900','Drawing & Painting Kits','0301030000',9,'1'),('0301031000','Fibercraft & Textile Arts','0301030000',10,'1'),('0301031100','Flower Arranging','0301030000',11,'1'),('0301031200','Glass Crafts','0301030000',12,'1'),('0301031300','Glitter','0301030000',13,'1'),('0301031400','Homebrewing','0301030000',14,'1'),('0301031500','Jewelry Making','0301030000',15,'1'),('0301031600','Juggling','0301030000',16,'1'),('0301031700','Leather Crafts','0301030000',17,'1'),('0301031800','Light Boxes','0301030000',18,'1'),('0301031900','Magic & Novelties','0301030000',19,'1'),('0301032000','Magnetic Tape','0301030000',20,'1'),('0301032100','Model Making','0301030000',21,'1'),('0301032200','Model Train Accessories','0301030000',22,'1'),('0301032300','Model Trains & Train Sets','0301030000',23,'1'),('0301032400','Mosaic Making','0301030000',24,'1'),('0301032500','Paper Crafts','0301030000',25,'1'),('0301032600','Pottery & Sculpting','0301030000',26,'1'),('0301032700','Printmaking','0301030000',27,'1'),('0301032800','Rhinestones','0301030000',28,'1'),('0301032900','Scale Models','0301030000',29,'1'),('0301033000','Scrapbooking','0301030000',30,'1'),('0301033100','Sequins','0301030000',31,'1'),('0301033200','Stenciling','0301030000',32,'1'),('0301033300','Watch Repair Kits','0301030000',33,'1'),('0301033400','Woodworking','0301030000',34,'1'),('0301040000','Musical Instrument Accessories','0301000000',4,'1'),('0301040100','Brass Instrument Accessories','0301040000',1,'1'),('0301040200','Electronic Tuners','0301040000',2,'1'),('0301040300','Music Stands','0301040000',3,'1'),('0301040400','Musical Instrument Amplifiers','0301040000',4,'1'),('0301040500','Musical Keyboard Accessorie','0301040000',5,'1'),('0301040600','Percussion Accessories','0301040000',6,'1'),('0301040700','Piano Accessories','0301040000',7,'1'),('0301040800','String Instrument Accessories','0301040000',8,'1'),('0301040900','Woodwind Instrument Accessories','0301040000',9,'1'),('0301050000','Musical Instruments','0301000000',5,'1'),('0301050100','Accordions & Concertinas','0301050000',1,'1'),('0301050200','Bagpipes','0301050000',2,'1'),('0301050300','Brass','0301050000',3,'1'),('0301050400','Electronic Musical Instruments','0301050000',4,'1'),('0301050500','Musical Keyboards','0301050000',5,'1'),('0301050600','Percussion','0301050000',6,'1'),('0301050700','Pianos','0301050000',7,'1'),('0301050800','String Instruments','0301050000',8,'1'),('0302000000','Party & Celebration','0300000000',2,'1'),('0302010000','Gift Giving','0302000000',1,'1'),('0302010100','Corsage & Boutonnière Pins','0302010000',1,'1'),('0302010200','Corsages & Boutonnières','0302010000',2,'1'),('0302010300','Fresh Cut Flowers','0302010000',3,'1'),('0302010400','Gift Cards & Certificates','0302010000',4,'1'),('0302010500','Gift Wrapping','0302010000',5,'1'),('0302010600','Greeting Cards','0302010000',6,'1'),('0302020000','Party Supplies','0302000000',2,'1'),('0302020100','Balloon Kits','0302020000',1,'1'),('0302020200','Balloons','0302020000',2,'1'),('0302020300','Banners','0302020000',3,'1'),('0302020400','Beverage Tubs','0302020000',4,'1'),('0302020500','Birthday Candles','0302020000',5,'1'),('0302020600','Confetti','0302020000',6,'1'),('0302020700','Drinking Games','0302020000',7,'1'),('0302020800','Drinking Straws & Stirrers','0302020000',8,'1'),('0302020900','Envelope Seals','0302020000',9,'1'),('0302021000','Invitations','0302020000',10,'1'),('0302021100','Noisemakers & Party Blowers','0302020000',11,'1'),('0302021200','Party Favors','0302020000',12,'1'),('0302021300','Piñatas','0302020000',13,'1'),('0302021400','Place Card Holders','0302020000',14,'1'),('0302021500','Place Cards','0302020000',15,'1'),('0302021600','Response Cards','0302020000',16,'1'),('0302021700','Sparklers','0302020000',17,'1'),('0302021800','Spray String','0302020000',18,'1'),('0302021900','Streamers','0302020000',19,'1'),('0302022000','Temporary Tattoos','0302020000',20,'1'),('0302030000','Special Effects','0302000000',3,'1'),('0302030100','Disco Balls','0302030000',1,'1'),('0302030200','Fog Machines','0302030000',2,'1'),('0302030300','Special Effects Controllers','0302030000',3,'1'),('0302030400','Special Effects Lighting','0302030000',4,'1'),('0302040000','Trophies & Awards','0302000000',4,'1'),('0400000000','Baby & Toddler',NULL,4,'1'),('0401000000','Baby & Toddler Gift Sets','0400000000',1,'1'),('0402000000','Baby Bathing','0400000000',2,'1'),('0403000000','Baby Health','0400000000',3,'1'),('0403010000','Baby Health & Grooming Kits','0403000000',1,'1'),('0403020000','Nasal Aspirators','0403000000',2,'1'),('0403030000','Pacifiers & Teethers','0403000000',3,'1'),('0404000000','Baby Safety','0400000000',4,'1'),('0404010000','Baby Monitors','0404000000',1,'1'),('0404020000','Baby Safety Harnesses & Leashes','0404000000',2,'1'),('0404030000','Baby Safety Locks & Guards','0404000000',3,'1'),('0404040000','Baby Safety Rails','0404000000',4,'1'),('0404050000','Safety Gates','0404000000',5,'1'),('0405000000','Baby Toys','0400000000',5,'1'),('0405010000','Alphabet Toys','0405000000',1,'1'),('0405020000','Baby Bouncers & Rockers','0405000000',2,'1'),('0405030000','Baby Jumpers & Swings','0405000000',3,'1'),('0405040000','Baby Mobiles','0405000000',4,'1'),('0405050000','Baby Walkers & Entertainers','0405000000',5,'1'),('0405060000','Play Yards','0405000000',6,'1'),('0405070000','Playmats','0405000000',7,'1'),('0405080000','Push & Pull Toys','0405000000',8,'1'),('0405090000','Rattles','0405000000',9,'1'),('0405100000','Sorting & Stacking Toys','0405000000',10,'1'),('0406000000','Baby Transport','0400000000',6,'1'),('0406010000','Baby & Toddler Car Seats','0406000000',1,'1'),('0406020000','Baby Carriers','0406000000',2,'1'),('0406030000','Baby Strollers','0406000000',3,'1'),('0407000000','Baby Transport Accessories','0400000000',7,'1'),('0407010000','Baby & Toddler Car Seat Accessories','0407000000',1,'1'),('0407020000','Baby Carrier Accessories','0407000000',2,'1'),('0407030000','Baby Stroller Accessories','0407000000',3,'1'),('0407040000','Shopping Cart & High Chair Covers','0407000000',4,'1'),('0408000000','Diapering','0400000000',8,'1'),('0408010000','Baby Wipes','0408000000',1,'1'),('0408020000','Changing Mats','0408000000',2,'1'),('0408030000','Diaper Pails','0408000000',3,'1'),('0408040000','Diaper Rash Treatments','0408000000',4,'1'),('0408050000','Diapers','0408000000',5,'1'),('0408060000','Potty Seats','0408000000',6,'1'),('0409000000','Nursing & Feeding','0400000000',9,'1'),('0409010000','Baby & Toddler Bibs','0409000000',1,'1'),('0409020000','Baby & Toddler Food','0409000000',2,'1'),('0409020100','Baby Cereal','0409020000',1,'1'),('0409020200','Baby Food','0409020000',2,'1'),('0409020300','Baby Formula','0409020000',3,'1'),('0409020400','Baby Juice','0409020000',4,'1'),('0409020500','Baby Snacks','0409020000',5,'1'),('0500000000','Business & Industrial',NULL,5,'1'),('0501000000','Advertising & Marketing','0500000000',1,'1'),('0501010000','Brochures','0501000000',1,'1'),('0501020000','Trade Show Counters','0501000000',2,'1'),('0501030000','Trade Show Displays','0501000000',3,'1'),('0502000000','Agriculture','0500000000',2,'1'),('0503000000','Construction','0500000000',3,'1'),('0504000000','Film & Television','0500000000',4,'1'),('0505000000','Finance & Insurance','0500000000',5,'1'),('0506000000','Food Service','0500000000',6,'1'),('0506010000','Bus Tubs','0506000000',1,'1'),('0506020000','Concession Food Containers','0506000000',2,'1'),('0506030000','Disposable Tableware','0506000000',3,'1'),('0506030100','Disposable Bowls','0506030000',1,'1'),('0506030200','Disposable Cups','0506030000',2,'1'),('0506030300','Disposable Cutlery','0506030000',3,'1'),('0506030400','Disposable Plates','0506030000',4,'1'),('0506040000','Food Service Baskets','0506000000',4,'1'),('0506050000','Food Service Carts','0506000000',5,'1'),('0506060000','Food Washers & Dryers','0506000000',6,'1'),('0506070000','Hot Dog Rollers','0506000000',7,'1'),('0506080000','Plate & Dish Warmers','0506000000',8,'1'),('0506090000','Take-Out Containers','0506000000',9,'1'),('0506100000','Vending Machines','0506000000',10,'1'),('0507000000','Forestry & Logging','0500000000',7,'1'),('0508000000','Heavy Machinery','0500000000',8,'1'),('0508010000','Chippers','0508000000',1,'1'),('0508020000','Fork Lifts','0508000000',2,'1'),('0509000000','Hotel & Hospitality','0500000000',9,'1'),('0510000000','Industrial Storage','0500000000',10,'1'),('0510010000','Industrial Cabinets','0510000000',1,'1'),('0510020000','Industrial Shelving','0510000000',2,'1'),('0510030000','Shipping Containers','0510000000',3,'1'),('0511000000','Law Enforcement','0500000000',11,'1'),('0511010000','Batons','0511000000',1,'1'),('0511020000','Cuffs','0511000000',2,'1'),('0511020100','Ankle Cuffs','0511020000',1,'1'),('0511020200','Handcuffs','0511020000',2,'1'),('0511020300','Leg Cuff','0511020000',3,'1'),('0511030000','Metal Detectors','0511000000',3,'1'),('0512000000','Manufacturing','0500000000',12,'1'),('0513000000','Medical','0500000000',13,'1'),('0513010000','Hospital Curtains','0513000000',1,'1'),('0513020000','Hospital Gowns','0513000000',2,'1'),('0513030000','Medical Bedding','0513000000',3,'1'),('0513040000','Medical Equipment','0513000000',4,'1'),('0513040100','Automated External Defibrillators','0513040000',1,'1'),('0513040200','Medical Forceps','0513040000',2,'1'),('0513040300','Otoscopes & Ophthalmoscopes','0513040000',3,'1'),('0513040400','Stethoscopes','0513040000',4,'1'),('0513040500','Vital Signs Monitor Accessories','0513040000',5,'1'),('0513040600','Vital Signs Monitors','0513040000',6,'1'),('0513050000','Medical Furniture','0513000000',5,'1'),('0513050100','Chiropractic Tables','0513050000',1,'1'),('0513050200','Examination Chairs','0513050000',2,'1'),('0513050300','Homecare & Hospital Beds','0513050000',3,'1'),('0513050400','Medical Cabinets','0513050000',4,'1'),('0513050500','Medical Carts','0513050000',5,'1'),('0513050600','Surgical Tables','0513050000',6,'1'),('0513060000','Medical Supplies','0513000000',6,'1'),('0513060100','Medical Gloves','0513060000',1,'1'),('0513060200','Medical Masks','0513060000',2,'1'),('0513070000','Medical Teaching Equipment','0513000000',7,'1'),('0513080000','Scrub Caps','0513000000',8,'1'),('0513090000','Scrubs','0513000000',9,'1'),('0513100000','Surgical Gowns','0513000000',10,'1'),('0514000000','Mining & Quarrying','0500000000',14,'1'),('0515000000','Piercing & Tattooing','0500000000',15,'1'),('0515010000','Piercing Supplies','0515000000',1,'1'),('0515020000','Tattooing Supplies','0515000000',2,'1'),('0515020100','Tattoo Cover-Ups','0515020000',1,'1'),('0515020200','Tattooing Inks','0515020000',2,'1'),('0515020300','Tattooing Machines','0515020000',3,'1'),('0515020400','Tattooing Needles','0515020000',4,'1'),('0516000000','Retail','0500000000',16,'1'),('0516010000','Clothing Display Racks','0516000000',1,'1'),('0516020000','Mannequins','0516000000',2,'1'),('0516030000','Money Handling','0516000000',3,'1'),('0516030100','Banknote Verifiers','0516030000',1,'1'),('0516030200','Cash Registers & POS Equipment','0516030000',2,'1'),('0516030300','Coin & Bill Counters','0516030000',3,'1'),('0516030400','Money Changers','0516030000',4,'1'),('0516030500','Money Deposit Bags','0516030000',5,'1'),('0516030600','Paper Coin Wrappers & Bill Straps','0516030000',6,'1'),('0516040000','Plastic Bags','0516000000',4,'1'),('0516050000','Pricing Guns','0516000000',5,'1'),('0516060000','Retail Display Cases','0516000000',6,'1'),('0517000000','Science & Laboratory','0500000000',17,'1'),('0517010000','Laboratory Chemicals','0517000000',1,'1'),('0517020000','Laboratory Equipment','0517000000',2,'1'),('0517020100','Autoclaves','0517020000',1,'1'),('0517020200','Centrifuges','0517020000',2,'1'),('0517020300','Laboratory Blenders','0517020000',3,'1'),('0517020400','Laboratory Hot Plates','0517020000',4,'1'),('0517020500','Laboratory Ovens','0517020000',5,'1'),('0517020600','Microscope Accessories','0517020000',6,'1'),('0517020700','Microscopes','0517020000',7,'1'),('0517020800','Spectrophotometers','0517020000',8,'1'),('0517030000','Laboratory Supplies','0517000000',3,'1'),('0517030100','Beakers','0517030000',1,'1'),('0517030200','Graduated Cylinders','0517030000',2,'1'),('0517030300','Laboratory Flasks','0517030000',3,'1'),('0517030400','Petri Dishes','0517030000',4,'1'),('0517030500','Pipettes','0517030000',5,'1'),('0517030600','Test Tube Racks','0517030000',6,'1'),('0517030700','Test Tubes','0517030000',7,'1'),('0517030800','Wash Bottles','0517030000',8,'1'),('0518000000','Signage','0500000000',18,'1'),('0518010000','Electronic Signs','0518000000',1,'1'),('0518010100','LED Signs','0518010000',1,'1'),('0518010200','Neon Signs','0518010000',2,'1'),('0518020000','Emergency & Exit Signs','0518000000',2,'1'),('0518030000','Facility Identification Signs','0518000000',3,'1'),('0518040000','Parking Signs & Permits','0518000000',4,'1'),('0518050000','Policy Signs','0518000000',5,'1'),('0518060000','Retail & Sale Signs','0518000000',6,'1'),('0518070000','Road & Traffic Signs','0518000000',7,'1'),('0518080000','Safety & Warning Signs','0518000000',8,'1'),('0518090000','Security Signs','0518000000',9,'1'),('0518100000','Sidewalk & Yard Signs','0518000000',10,'1'),('0519000000','Work Safety Protective Gear','0500000000',19,'1'),('0519010000','Bullet Proof Vests','0519000000',1,'1'),('0519020000','Fire Repellent Clothing','0519000000',2,'1'),('0519030000','Fireman\'s Masks','0519000000',3,'1'),('0519040000','Gas Masks','0519000000',4,'1'),('0519050000','Hardhats','0519000000',5,'1'),('0519060000','Hazardous Material Suits','0519000000',6,'1'),('0519070000','High-Visibility Clothing','0519000000',7,'1'),('0519080000','Protective Aprons','0519000000',8,'1'),('0519090000','Protective Eyewear','0519000000',9,'1'),('0519100000','Safety Gloves','0519000000',10,'1'),('0600000000','Cameras & Optics',NULL,6,'1'),('0601000000','Camera & Optic Accessories ','0600000000',1,'1'),('0601010000','Camera & Optic Lens Accessories','0601000000',1,'1'),('0601010100','Lens & Filter Adapters','0601010000',1,'1'),('0601010200','Lens Bags','0601010000',2,'1'),('0601010300','Lens Caps','0601010000',3,'1'),('0601010400','Lens Converters','0601010000',4,'1'),('0601010500','Lens Filters','0601010000',5,'1'),('0601010600','Lens Hoods','0601010000',6,'1'),('0601020000','Camera & Optic Lenses','0601000000',2,'1'),('0601020100','Camera Lenses','0601020000',1,'1'),('0601020200','Surveillance Camera Lenses','0601020000',2,'1'),('0601020300','Video Camera Lenses','0601020000',3,'1'),('0601030000','Camera Accessories','0601000000',3,'1'),('0601030100','Camera Bags','0601030000',1,'1'),('0601030200','Camera Flash Accessories','0601030000',2,'1'),('0601030300','Camera Flashes','0601030000',3,'1'),('0601030400','Camera Handles','0601030000',4,'1'),('0601030500','Camera Mounts','0601030000',5,'1'),('0601030600','Camera Remote Controls','0601030000',6,'1'),('0601030700','Camera Straps','0601030000',7,'1'),('0601030800','Film','0601030000',8,'1'),('0601030900','Flash Brackets','0601030000',9,'1'),('0601031000','Surveillance Camera Accessories','0601030000',10,'1'),('0601031100','Underwater Camera Housings','0601030000',11,'1'),('0601031200','Video Camera Lights','0601030000',12,'1'),('0601040000','Optic Accessories','0601000000',4,'1'),('0601040100','Binocular & Monocular Accessories','0601040000',1,'1'),('0601040200','Night Vision Optic Accessories','0601040000',2,'1'),('0601040300','Optics Bags & Cases','0601040000',3,'1'),('0601040400','Rangefinder Accessories','0601040000',4,'1'),('0601040500','Spotting Scope Accessories','0601040000',5,'1'),('0601040600','Telescope Accessories','0601040000',6,'1'),('0601040700','Thermal Optic Accessories','0601040000',7,'1'),('0601040800','Weapon Scope Accessories','0601040000',8,'1'),('0601050000','Tripod & Monopod Accessories','0601000000',5,'1'),('0601050100','Tripod & Monopod Cases','0601050000',1,'1'),('0601050200','Tripod & Monopod Heads','0601050000',2,'1'),('0601050300','Tripod Collars & Mounts','0601050000',3,'1'),('0601060000','Tripods & Monopods','0601000000',6,'1'),('0602000000','Cameras ','0600000000',2,'1'),('0602010000','Digital Cameras','0602000000',1,'1'),('0602010100','Digital Point & Shoot Cameras','0602010000',1,'1'),('0602010200','Digital SLRs','0602010000',2,'1'),('0602010300','Mirrorless System Digital Cameras','0602010000',3,'1'),('0602020000','Disposable Cameras','0602000000',2,'1'),('0602030000','Film Cameras','0602000000',3,'1'),('0602040000','Surveillance Cameras','0602000000',4,'1'),('0602050000','Trail Cameras','0602000000',5,'1'),('0602060000','Video Cameras','0602000000',6,'1'),('0602070000','Webcams','0602000000',7,'1'),('0603000000','Optics ','0600000000',3,'1'),('0603010000','Binoculars','0603000000',1,'1'),('0603020000','Monoculars','0603000000',2,'1'),('0603030000','Rangefinders','0603000000',3,'1'),('0603040000','Scopes','0603000000',4,'1'),('0603040100','Spotting Scopes','0603040000',1,'1'),('0603040200','Telescopes','0603040000',2,'1'),('0603040300','Weapon Scopes & Sights','0603040000',3,'1'),('0604000000','Photography ','0600000000',4,'1'),('0604010000','Darkroom','0604000000',1,'1'),('0604010100','Developing & Processing Equipment','0604010000',1,'1'),('0604010200','Enlarging Equipment','0604010000',2,'1'),('0604010300','Photographic Chemicals','0604010000',3,'1'),('0604010400','Photographic Paper','0604010000',4,'1'),('0604010500','Safelights','0604010000',5,'1'),('0604020000','Lighting & Studio','0604000000',2,'1'),('0604020100','Backgrounds','0604020000',1,'1'),('0604020200','Flash Diffusers','0604020000',2,'1'),('0604020300','Flash Reflectors','0604020000',3,'1'),('0604020400','Light Controls','0604020000',4,'1'),('0604020500','Light Meter Accessories','0604020000',5,'1'),('0604020600','Light Meters','0604020000',6,'1'),('0604020700','Lighting Filters & Gels','0604020000',7,'1'),('0604020800','Softboxes','0604020000',8,'1'),('0604020900','Studio Lights & Flashes','0604020000',9,'1'),('0604021000','Studio Mountings','0604020000',10,'1'),('0604030000','Photo Negative & Slide Storage','0604000000',3,'1'),('0700000000','Electronics',NULL,7,'1'),('0701000000','Arcade Equipment ','0700000000',1,'1'),('0701010000','Pinball Machine Accessories','0701000000',1,'1'),('0701020000','Pinball Machines','0701000000',2,'1'),('0701030000','Skee-Ball Machines','0701000000',3,'1'),('0701040000','Video Game Arcade Cabinet Accessories','0701000000',4,'1'),('0701050000','Video Game Arcade Cabinets','0701000000',5,'1'),('0702000000','Audio ','0700000000',2,'1'),('0702010000','Audio Accessories','0702000000',1,'1'),('0702010100','Headphone Accessories','0702010000',1,'1'),('0702010200','Karaoke System Accessories','0702010000',2,'1'),('0702010300','MP3 Player Accessories','0702010000',3,'1'),('0702010400','Microphone Accessories','0702010000',4,'1'),('0702010500','Satellite Radio Accessories','0702010000',5,'1'),('0702010600','Turntable Accessories','0702010000',6,'1'),('0702020000','Audio Components','0702000000',2,'1'),('0702020100','Audio & Video Receivers','0702020000',1,'1'),('0702020200','Audio Amplifiers','0702020000',2,'1'),('0702020300','Audio Mixers','0702020000',3,'1'),('0702020400','Audio Samplers','0702020000',4,'1'),('0702020500','Audio Transmitters','0702020000',5,'1'),('0702020600','Channel Strips','0702020000',6,'1'),('0702020700','Direct Boxes','0702020000',7,'1'),('0702020800','Headphones','0702020000',8,'1'),('0702020900','Microphones','0702020000',9,'1'),('0702021000','Signal Processors','0702020000',10,'1'),('0702021100','Speakers','0702020000',11,'1'),('0702030000','Audio Players & Recorders','0702000000',3,'1'),('0702030100','Boomboxes','0702030000',1,'1'),('0702030200','CD Players & Recorders','0702030000',2,'1'),('0702030300','Cassette Players & Recorders','0702030000',3,'1'),('0702030400','Home Theater Systems','0702030000',4,'1'),('0702030500','Jukeboxes','0702030000',5,'1'),('0702030600','Karaoke Systems','0702030000',6,'1'),('0702030700','MP3 Players','0702030000',7,'1'),('0702030800','MiniDisc Players & Recorders','0702030000',8,'1'),('0702030900','Multitrack Recorders','0702030000',9,'1'),('0702031000','Radio Scanners','0702030000',10,'1'),('0702031100','Radios','0702030000',11,'1'),('0702031200','Stereo Systems','0702030000',12,'1'),('0702031300','Turntables','0702030000',13,'1'),('0702031400','Voice Recorders','0702030000',14,'1'),('0702040000','DJ & Specialty Audio','0702000000',4,'1'),('0702040100','DJ CD Players','0702040000',1,'1'),('0702040200','DJ Equipment Accessories','0702040000',2,'1'),('0702040300','DJ Systems','0702040000',3,'1'),('0702050000','Public Address Systems','0702000000',5,'1'),('0702060000','Stage Equipment','0702000000',6,'1'),('0703000000','Circuit Components ','0700000000',3,'1'),('0703010000','Circuit Prototyping','0703000000',1,'1'),('0703010100','Breadboards','0703010000',1,'1'),('0703010200','Development Boards','0703010000',2,'1'),('0703020000','Optoelectronics','0703000000',2,'1'),('0703030000','Passive Circuit Components','0703000000',3,'1'),('0703030100','Capacitors','0703030000',1,'1'),('0703030200','Inductors','0703030000',2,'1'),('0703030300','Potentiometers','0703030000',3,'1'),('0703030400','Resistors','0703030000',4,'1'),('0703040000','Semiconductors','0703000000',4,'1'),('0703040100','Diodes','0703040000',1,'1'),('0703040200','Microcontrollers','0703040000',2,'1'),('0703040300','Op Amps','0703040000',3,'1'),('0703040400','Transistors','0703040000',4,'1'),('0703040500','Voltage Regulator ICs','0703040000',5,'1'),('0704000000','Communications ','0700000000',4,'1'),('0704010000','Answering Machines','0704000000',1,'1'),('0704020000','Caller IDs','0704000000',2,'1'),('0704030000','Communication Radio Accessories','0704000000',3,'1'),('0704040000','Communication Radios','0704000000',4,'1'),('0704040100','CB Radios','0704040000',1,'1'),('0704040200','Two-Way Radios','0704040000',2,'1'),('0704050000','Headsets','0704000000',5,'1'),('0704060000','Intercom Accessories','0704000000',6,'1'),('0704070000','Intercoms','0704000000',7,'1'),('0704080000','Pagers','0704000000',8,'1'),('0704090000','Telephony','0704000000',9,'1'),('0704090100','Conference Phones','0704090000',1,'1'),('0704090200','Corded Phones','0704090000',2,'1'),('0704090300','Cordless Phones','0704090000',3,'1'),('0704090400','Mobile Phone Accessories','0704090000',4,'1'),('0704090500','Mobile Phones','0704090000',5,'1'),('0704090600','Satellite Phones','0704090000',6,'1'),('0704090700','Telephone Accessories','0704090000',7,'1'),('0704100000','Video Conferencing','0704000000',10,'1'),('0705000000','Components ','0700000000',5,'1'),('0705010000','Connectors','0705000000',1,'1'),('0705010100','Keystone Jacks','0705010000',1,'1'),('0705010200','RCA Jacks','0705010000',2,'1'),('0705020000','Converters','0705000000',2,'1'),('0705030000','Modulators','0705000000',3,'1'),('0705040000','Splitters','0705000000',4,'1'),('0705040100','RF Splitters','0705040000',1,'1'),('0705040200','UHF Splitters','0705040000',2,'1'),('0705050000','Transformers','0705000000',5,'1'),('0706000000','Computers ','0700000000',6,'1'),('0706010000','Barebone Computers','0706000000',1,'1'),('0706020000','Computer Accessories','0706000000',2,'1'),('0706020100','Computer Risers','0706020000',1,'1'),('0706020200','Handheld Device Accessories','0706020000',2,'1'),('0706030000','Computer Components','0706000000',3,'1'),('0706030100','Computer Cases','0706030000',1,'1'),('0706030200','Computer Power Supplies','0706030000',2,'1'),('0706030300','Computer Processors','0706030000',3,'1'),('0706030400','Computer Racks & Mounts','0706030000',4,'1'),('0706030500','Computer Starter Kits','0706030000',5,'1'),('0706030600','Computer System Cooling','0706030000',6,'1'),('0706030700','I/O Cards & Adapters','0706030000',7,'1'),('0706030800','Input Device Accessories','0706030000',8,'1'),('0706030900','Input Devices','0706030000',9,'1'),('0706031000','Laptop Parts','0706030000',10,'1'),('0706031100','Motherboards','0706030000',11,'1'),('0706031200','Output Devices','0706030000',12,'1'),('0706031300','Storage Devices','0706030000',13,'1'),('0706031400','TV Tuner Cards & Adapters','0706030000',14,'1'),('0706031500','USB & FireWire Hubs','0706030000',15,'1'),('0706040000','Computer Servers','0706000000',4,'1'),('0706050000','Desktop Computers','0706000000',5,'1'),('0706060000','Handheld Devices','0706000000',6,'1'),('0706060100','Data Collection Terminals','0706060000',1,'1'),('0706060200','E-Book Readers','0706060000',2,'1'),('0706060300','PDAs','0706060000',3,'1'),('0706070000','Interactive Kiosks','0706000000',7,'1'),('0706080000','Laptops','0706000000',8,'1'),('0706090000','Tablet Computers','0706000000',9,'1'),('0707000000','Electronics Accessories ','0700000000',7,'1'),('0707010000','Adapters','0707000000',1,'1'),('0707010100','Audio & Video Adapters','0707010000',1,'1'),('0707010200','Memory Adapters','0707010000',2,'1'),('0707010300','Storage Adapters','0707010000',3,'1'),('0707020000','Antenna Accessories','0707000000',2,'1'),('0707020100','Antenna Mounts & Brackets','0707020000',1,'1'),('0707020200','Antenna Rotators','0707020000',2,'1'),('0707020300','Satellite LNBs','0707020000',3,'1'),('0707030000','Antennas','0707000000',3,'1'),('0707030100','Communication Antennas','0707030000',1,'1'),('0707030200','Radio Antennas','0707030000',2,'1'),('0707030300','TV Antennas','0707030000',3,'1'),('0707040000','Blank Media','0707000000',4,'1'),('0707040100','Blank Audio Tapes','0707040000',1,'1'),('0707040200','Blank Blu-ray Discs','0707040000',2,'1'),('0707040300','Blank CDs','0707040000',3,'1'),('0707040400','Blank DVDs','0707040000',4,'1'),('0707040500','Blank Video Tapes','0707040000',5,'1'),('0707040600','Computer Disks','0707040000',6,'1'),('0707040700','omputer Tapes','0707040000',7,'1'),('0707040800','MiniDiscs','0707040000',8,'1'),('0707050000','Cable Management','0707000000',5,'1'),('0707050100','Cable Clips','0707050000',1,'1'),('0707050200','Cable Trays','0707050000',2,'1'),('0707050300','Patch Panels','0707050000',3,'1'),('0707050400','Wire & Cable Sleeves','0707050000',4,'1'),('0707050500','Wire & Cable Ties','0707050000',5,'1'),('0707060000','Cables','0707000000',6,'1'),('0707060100','Audio & Video Cables','0707060000',1,'1'),('0707060200','Coaxial Cables','0707060000',2,'1'),('0707060300','Data Transfer Cables','0707060000',3,'1'),('0707060400','KVM Cables','0707060000',4,'1'),('0707060500','Network Cables','0707060000',5,'1'),('0707060600','Optical Cables','0707060000',6,'1'),('0707060700','Storage Cables','0707060000',7,'1'),('0707060800','System & Power Cables','0707060000',8,'1'),('0707060900','Telephone Cables','0707060000',9,'1'),('0707070000','Electronics Cleaners','0707000000',7,'1'),('0707070100','Audio & Video Cleaners','0707070000',1,'1'),('0707070200','Camera Cleaners','0707070000',2,'1'),('0707070300','Screen Cleaners','0707070000',3,'1'),('0707080000','Electronics Films & Shields','0707000000',8,'1'),('0707080100','Electronics Stickers & Decals','0707080000',1,'1'),('0707080200','Keyboard Protectors','0707080000',2,'1'),('0707080300','Privacy Filters','0707080000',3,'1'),('0707080400','Screen Protectors','0707080000',4,'1'),('0707090000','Memory','0707000000',9,'1'),('0707090100','Cache Memory','0707090000',1,'1'),('0707090200','Flash Memory','0707090000',2,'1'),('0707090300','RAM','0707090000',3,'1'),('0707090400','ROM','0707090000',4,'1'),('0707090500','Video Memory','0707090000',5,'1'),('0707100000','Power','0707000000',10,'1'),('0707100100','Batteries','0707100000',1,'1'),('0707100200','Chargers','0707100000',2,'1'),('0707100300','Power Adapters','0707100000',3,'1'),('0707100400','Power Conditioners','0707100000',4,'1'),('0707100500','Power Control Units','0707100000',5,'1'),('0707100600','Power Enclosures','0707100000',6,'1'),('0707100700','Power Injectors & Splitters','0707100000',7,'1'),('0707100800','Power Strips & Surge Suppressors','0707100000',8,'1'),('0707100900','Surge Protection Devices','0707100000',9,'1'),('0707101000','UPS','0707100000',10,'1'),('0707101100','UPS Accessories','0707100000',11,'1'),('0707101200','Voltage Converters','0707100000',12,'1'),('0707110000','Remote Controls','0707000000',11,'1'),('0707120000','Signal Boosters','0707000000',12,'1'),('0708000000','GPS ','0700000000',8,'1'),('0708010000','Automotive GPS','0708000000',1,'1'),('0708020000','Aviation GPS','0708000000',2,'1'),('0708030000','Sport GPS','0708000000',3,'1'),('0709000000','GPS Accessories ','0700000000',9,'1'),('0709010000','GPS Cases','0709000000',1,'1'),('0709020000','GPS Mounts','0709000000',2,'1'),('0710000000','GPS Trackers ','0700000000',10,'1'),('0711000000','Marine Electronics ','0700000000',11,'1'),('0711010000','Fish Finders','0711000000',1,'1'),('0711020000','Marine Chartplotters & GPS','0711000000',2,'1'),('0711030000','Marine Radar','0711000000',3,'1'),('0711040000','Marine Radios','0711000000',4,'1'),('0712000000','Networking ','0700000000',12,'1'),('0712010000','Bridges & Routers','0712000000',1,'1'),('0712010100','Network Bridges','0712010000',1,'1'),('0712010200','VoIP Gateways & Routers','0712010000',2,'1'),('0712010300','Wireless Access Points','0712010000',3,'1'),('0712010400','Wireless Routers','0712010000',4,'1'),('0712020000','Concentrators & Multiplexers','0712000000',2,'1'),('0712030000','Hubs & Switches','0712000000',3,'1'),('0712040000','Modem Accessories','0712000000',4,'1'),('0712050000','Modems','0712000000',5,'1'),('0712060000','Network Cards','0712000000',6,'1'),('0712070000','Network Security & Firewall Devices','0712000000',7,'1'),('0712080000','Power Line Network Adapters','0712000000',8,'1'),('0712090000','Print Servers','0712000000',9,'1'),('0712100000','Repeaters & Transceivers','0712000000',10,'1'),('0713000000','Plug & Play TV Games','0700000000',13,'1'),('0714000000','Copy, Scan & Fax','0700000000',14,'1'),('0714010000','Fax Machines','0714000000',1,'1'),('0714020000','Printers & Copiers','0714000000',2,'1'),('0714020100','Copiers','0714020000',1,'1'),('0714020200','Dot Matrix Printers','0714020000',2,'1'),('0714020300','Inkjet Printers','0714020000',3,'1'),('0714020400','Laser Printers','0714020000',4,'1'),('0714020500','Photo Printers','0714020000',5,'1'),('0714020600','Other','0714020000',6,'1'),('0714030000','Scanners','0714000000',3,'1'),('0715000000','Print, Copy, Scan & Fax Accessories','0700000000',15,'1'),('0715010000','Copier Accessories','0715000000',1,'1'),('0715020000','Printer Accessories','0715000000',2,'1'),('0715020100','Printer Consumables','0715020000',1,'1'),('0715020200','Printer Duplexers','0715020000',2,'1'),('0715020300','Printer Maintenance Kits','0715020000',3,'1'),('0715020400','Printer Memory','0715020000',4,'1'),('0715020500','Printer Stands','0715020000',5,'1'),('0715020600','Printer Trays','0715020000',6,'1'),('0715030000','Scanner Accessories','0715000000',3,'1'),('0716000000','Toll Collection Devices ','0700000000',16,'1'),('0717000000','Video ','0700000000',17,'1'),('0717010000','Computer Monitors','0717000000',1,'1'),('0717020000','Projectors','0717000000',2,'1'),('0717020100','Multimedia Projectors','0717020000',1,'1'),('0717020200','Overhead Projectors','0717020000',2,'1'),('0717020300','Slide Projectors','0717020000',3,'1'),('0717030000','Satellite & Cable TV','0717000000',3,'1'),('0717030100','Cable TV Receivers','0717030000',1,'1'),('0717030200','Satellite Receivers','0717030000',2,'1'),('0717040000','Televisions','0717000000',4,'1'),('0717040100','CRT Televisions','0717040000',1,'1'),('0717040200','Flat Panel Televisions','0717040000',2,'1'),('0717040300','Portable Televisions','0717040000',3,'1'),('0717040400','Projection Televisions','0717040000',4,'1'),('0717050000','Video Accessories','0717000000',5,'1'),('0717050100','3D Glasses','0717050000',1,'1'),('0717050200','Computer Monitor Accessories','0717050000',2,'1'),('0717050300','Projector Accessories','0717050000',3,'1'),('0717050400','Rewinders','0717050000',4,'1'),('0717050500','Television Accessories','0717050000',5,'1'),('0717060000','Video Editing Hardware & Production Equipment','0717000000',6,'1'),('0717070000','Video Multiplexers','0717000000',7,'1'),('0717080000','Video Players & Recorders','0717000000',8,'1'),('0717080100','DVD & Blu-ray Players','0717080000',1,'1'),('0717080200','DVD Recorders','0717080000',2,'1'),('0717080300','Digital Video Recorders','0717080000',3,'1'),('0717080400','Home Media Players','0717080000',4,'1'),('0717080500','VCRs','0717080000',5,'1'),('0717090000','Video Servers','0717000000',9,'1'),('0717100000','Video Transmitters','0717000000',10,'1'),('0718000000','Video Game Console Accessories ','0700000000',18,'1'),('0718010000','Home Game Console Accessories','0718000000',1,'1'),('0718010100','All PlayStation Accessories','0718010000',1,'1'),('0718010200','All XBox Accessories','0718010000',2,'1'),('0718010300','Dreamcast Accessories','0718010000',3,'1'),('0718010400','GameCube Accessories','0718010000',4,'1'),('0718010500','Jaguar Accessories','0718010000',5,'1'),('0718010600','Neo Geo Accessories','0718010000',6,'1'),('0718010700','Nintendo 64 Accessories','0718010000',7,'1'),('0718010800','Nintendo Entertainment System Accessories','0718010000',8,'1'),('0718010900','Sega Genesis Accessories','0718010000',9,'1'),('0718011000','Sega Master System Accessories','0718010000',10,'1'),('0718011100','Super Nintendo Accessories','0718010000',11,'1'),('0718011200','Turbografx 16 Accessories','0718010000',12,'1'),('0718011300','Wii Accessories','0718010000',13,'1'),('0718011400','Wii U Accessories','0718010000',14,'1'),('0718020000','Portable Game Console Accessories','0718000000',2,'1'),('0718020100','All Game Boy Accessories','0718020000',1,'1'),('0718020200','Atari Lynx Accessories','0718020000',2,'1'),('0718020300','Game Gear Accessories','0718020000',3,'1'),('0718020400','N-Gage Accessories','0718020000',4,'1'),('0718020500','Neo Geo Pocket Accessories','0718020000',5,'1'),('0718020600','Nintendo 3DS Accessories','0718020000',6,'1'),('0718020700','Nintendo DS Accessories','0718020000',7,'1'),('0718020800','PlayStation Portable Accessories','0718020000',8,'1'),('0718020900','PlayStation Vita Accessories','0718020000',9,'1'),('0718021000','WonderSwan Accessories','0718020000',10,'1'),('0718030000','Home Game Consoles','0718000000',3,'1'),('0718030100','Dreamcast','0718030000',1,'1'),('0718030200','GameCube','0718030000',2,'1'),('0718030300','Jaguar','0718030000',3,'1'),('0718030400','Neo Geo','0718030000',4,'1'),('0718030500','Nintendo 64','0718030000',5,'1'),('0718030600','Nintendo Entertainment System','0718030000',6,'1'),('0718030700','PlayStation (original)','0718030000',7,'1'),('0718030800','PlayStation 2','0718030000',8,'1'),('0718030900','PlayStation 3','0718030000',9,'1'),('0718031000','Sega Genesis','0718030000',10,'1'),('0718031100','Sega Master System','0718030000',11,'1'),('0718031200','Super Nintendo','0718030000',12,'1'),('0718031300','Turbografx 16','0718030000',13,'1'),('0718031400','Wii','0718030000',14,'1'),('0718031500','Wii U','0718030000',15,'1'),('0718031600','XBox (original)','0718030000',16,'1'),('0718031700','XBox 360','0718030000',17,'1'),('0718040000','Portable Game Consoles','0718000000',4,'1'),('0718040100','All Game Boy Consoles','0718040000',1,'1'),('0718040200','Atari Lynx','0718040000',2,'1'),('0718040300','Game Gear','0718040000',3,'1'),('0718040400','LeapFrog Consoles','0718040000',4,'1'),('0718040500','N-Gage','0718040000',5,'1'),('0718040600','Neo Geo Pocket','0718040000',6,'1'),('0718040700','Nintendo 3DS','0718040000',7,'1'),('0718040800','Nintendo DS','0718040000',8,'1'),('0718040900','PlayStation Portable','0718040000',9,'1'),('0718041000','PlayStation Vita','0718040000',10,'1'),('0718041100','Retrogen','0718040000',11,'1'),('0718041200','WonderSwan','0718040000',12,'1'),('0800000000','Food, Beverages & Tobacco',NULL,8,'1'),('0801000000','Beverages','0800000000',1,'1'),('0801010000','Beer','0801000000',1,'1'),('0801020000','Beverage Mixes','0801000000',2,'1'),('0801030000','Buttermilk','0801000000',3,'1'),('0801040000','Cocktail Mixes','0801000000',4,'1'),('0801050000','Coffee','0801000000',5,'1'),('0801050100','Bottled Coffee Drinks','0801050000',1,'1'),('0801050200','Coffee Pods','0801050000',2,'1'),('0801050300','Ground & Whole Bean Coffee','0801050000',3,'1'),('0801050400','Instant Coffee','0801050000',4,'1'),('0801060000','Flavored Malt Beverages','0801000000',6,'1'),('0801070000','Hard Cider','0801000000',7,'1'),('0801080000','Hot Chocolate','0801000000',8,'1'),('0801090000','Juice','0801000000',9,'1'),('0801100000','Liquor & Spirits','0801000000',10,'1'),('0801100100','Brandy','0801100000',1,'1'),('0801100200','Gin','0801100000',2,'1'),('0801100300','Liqueurs','0801100000',3,'1'),('0801100400','Rum','0801100000',4,'1'),('0801100500','Schnapps','0801100000',5,'1'),('0801100600','Tequila','0801100000',6,'1'),('0801100700','Vodka','0801100000',7,'1'),('0801100800','Whiskey','0801100000',8,'1'),('0801110000','Milk','0801000000',11,'1'),('0801120000','Plant-Based Milk','0801000000',12,'1'),('0801120100','Almond Milk','0801120000',1,'1'),('0801120200','Coconut Milk','0801120000',2,'1'),('0801120300','Hemp Milk','0801120000',3,'1'),('0801120400','Oat Milk','0801120000',4,'1'),('0801120500','Rice Milk','0801120000',5,'1'),('0801120600','Soy Milk','0801120000',6,'1'),('0801130000','Soda Pop','0801000000',13,'1'),('0801140000','Sports & Energy Drinks','0801000000',14,'1'),('0801150000','Tea & Infusions','0801000000',15,'1'),('0801150100','Bottled Tea Drinks','0801150000',1,'1'),('0801150200','Powdered Tea','0801150000',2,'1'),('0801150300','Tea Bags & Loose Tea Leaves','0801150000',3,'1'),('0801160000','Tonic Water','0801000000',16,'1'),('0801170000','Water','0801000000',17,'1'),('0801170100','Bottled Water','0801170000',1,'1'),('0801170200','Carbonated Water','0801170000',2,'1'),('0801170300','Flavored Water','0801170000',3,'1'),('0801180000','Wine','0801000000',18,'1'),('0801180100','Dessert Wine','0801180000',1,'1'),('0801180200','Mead','0801180000',2,'1'),('0801180300','Non-Alcoholic Wine','0801180000',3,'1'),('0801180400','Red Wine','0801180000',4,'1'),('0801180500','Rice Wine','0801180000',5,'1'),('0801180600','Sangria','0801180000',6,'1'),('0801180700','Sparkling Wine','0801180000',7,'1'),('0801180800','White Wine','0801180000',8,'1'),('0802000000','Food Items','0800000000',1,'1'),('0802010000','Bakery','0802000000',1,'1'),('0802010100','Bagels','0802010000',1,'1'),('0802010200','Breads & Buns','0802010000',2,'1'),('0802010300','Cakes','0802010000',3,'1'),('0802010400','Coffee Cakes','0802010000',4,'1'),('0802010500','Cookies','0802010000',5,'1'),('0802010600','Cupcakes','0802010000',6,'1'),('0802010700','Dessert Bars','0802010000',7,'1'),('0802010800','Dessert Trays','0802010000',8,'1'),('0802010900','Donuts','0802010000',9,'1'),('0802011000','Fudge','0802010000',10,'1'),('0802011100','Muffins','0802010000',11,'1'),('0802011200','Pastries & Scones','0802010000',12,'1'),('0802011300','Pies & Tarts','0802010000',13,'1'),('0802011400','Tortillas & Wraps','0802010000',14,'1'),('0802020000','Candy & Gum','0802000000',2,'1'),('0802020100','Candy & Chocolate','0802020000',1,'1'),('0802020200','Chewing Gum','0802020000',2,'1'),('0802030000','Condiments & Sauces','0802000000',3,'1'),('0802030100','Barbecue Sauce','0802030000',1,'1'),('0802030200','Chutney','0802030000',2,'1'),('0802030300','Cocktail Sauce','0802030000',3,'1'),('0802030400','Coffee Creamer','0802030000',4,'1'),('0802030500','Dessert Toppings','0802030000',5,'1'),('0802030600','Fish Sauce','0802030000',6,'1'),('0802030700','Gravy','0802030000',7,'1'),('0802030800','Honey','0802030000',8,'1'),('0802030900','Horseradish Sauce','0802030000',9,'1'),('0802031000','Hot Sauce','0802030000',10,'1'),('0802031100','Jams & Jellies','0802030000',11,'1'),('0802031200','Ketchup','0802030000',12,'1'),('0802031300','Marinade','0802030000',13,'1'),('0802031400','Mayonnaise','0802030000',14,'1'),('0802031500','Mustard','0802030000',15,'1'),('0802031600','Nut Butters','0802030000',16,'1'),('0802031700','Olives & Capers','0802030000',17,'1'),('0802031800','Pasta Sauce','0802030000',18,'1'),('0802031900','Pickles & Relishes','0802030000',19,'1'),('0802032000','Pizza Sauce','0802030000',20,'1'),('0802032100','Salad Dressing','0802030000',21,'1'),('0802032200','Salsa','0802030000',22,'1'),('0802032300','Satay Sauce','0802030000',23,'1'),('0802032400','Soy Sauce','0802030000',24,'1'),('0802032500','Steak Sauce','0802030000',25,'1'),('0802032600','Syrup','0802030000',26,'1'),('0802032700','Tahini','0802030000',27,'1'),('0802032800','Tartar Sauce','0802030000',28,'1'),('0802032900','Vinegar','0802030000',29,'1'),('0802033000','Whipped Topping','0802030000',30,'1'),('0802033100','Worcestershire Sauce','0802030000',31,'1'),('0802040000','Cooking & Baking Ingredients','0802000000',4,'1'),('0802040100','Artificial Sweeteners','0802040000',1,'1'),('0802040200','Baking Chips','0802040000',2,'1'),('0802040300','Baking Chocolate','0802040000',3,'1'),('0802040400','Baking Extracts','0802040000',4,'1'),('0802040500','Baking Kits','0802040000',5,'1'),('0802040600','Baking Mixes','0802040000',6,'1'),('0802040700','Baking Powder','0802040000',7,'1'),('0802040800','Baking Soda','0802040000',8,'1'),('0802040900','Batter & Coating Mixes','0802040000',9,'1'),('0802041000','Bean Paste','0802040000',10,'1'),('0802041100','Bread Crumbs','0802040000',11,'1'),('0802041200','Condensed Milk','0802040000',12,'1'),('0802041300','Cooking Oil','0802040000',13,'1'),('0802041400','Cooking Wine','0802040000',14,'1'),('0802041500','Corn Starch','0802040000',15,'1'),('0802041600','Corn Syrup','0802040000',16,'1'),('0802041700','Dough','0802040000',17,'1'),('0802041800','Edible Baking Decorations','0802040000',18,'1'),('0802041900','Evaporated Milk','0802040000',19,'1'),('0802042000','Floss Sugar','0802040000',20,'1'),('0802042100','Flour','0802040000',21,'1'),('0802042200','Frosting & Icing','0802040000',22,'1'),('0802042300','Marshmallows','0802040000',23,'1'),('0802042400','Molasses','0802040000',24,'1'),('0802042500','Pie Fillings','0802040000',25,'1'),('0802042600','Powdered Milk','0802040000',26,'1'),('0802042700','Shortening & Lard','0802040000',27,'1'),('0802042800','Shredded Coconut','0802040000',28,'1'),('0802042900','Sugar','0802040000',29,'1'),('0802043000','Unflavored Gelatin','0802040000',30,'1'),('0802043100','Yeast','0802040000',31,'1'),('0802050000','Dairy Products','0802000000',5,'1'),('0802050100','Butter & Margarine','0802050000',1,'1'),('0802050200','Cheese','0802050000',2,'1'),('0802050300','Cottage Cheese','0802050000',3,'1'),('0802050400','Cream','0802050000',4,'1'),('0802050500','Ice Cream','0802050000',5,'1'),('0802050600','Sour Cream','0802050000',6,'1'),('0802050700','Whipped Cream','0802050000',7,'1'),('0802050800','Yogurt','0802050000',8,'1'),('0802060000','Dips & Spreads','0802000000',6,'1'),('0802060100','Apple Butter','0802060000',1,'1'),('0802060200','Cheese Spread','0802060000',2,'1'),('0802060300','Cream Cheese','0802060000',3,'1'),('0802060400','Guacamole','0802060000',4,'1'),('0802060500','Hummus','0802060000',5,'1'),('0802060600','Tapenade','0802060000',6,'1'),('0802060700','Vegetable Dip','0802060000',7,'1'),('0802070000','Food Gift Baskets','0802000000',7,'1'),('0802080000','Frozen Desserts & Novelties','0802000000',8,'1'),('0802080100','Frozen Yogurt','0802080000',1,'1'),('0802080200','Ice Cream Cones','0802080000',2,'1'),('0802080300','Popsicles','0802080000',3,'1'),('0802090000','Fruits & Vegetables','0802000000',9,'1'),('0802090100','Canned Beans','0802090000',1,'1'),('0802090200','Canned Fruits','0802090000',2,'1'),('0802090300','Canned Vegetables','0802090000',3,'1'),('0802090400','Dried Fruits','0802090000',4,'1'),('0802090500','Dry Beans','0802090000',5,'1'),('0802090600','Fresh & Frozen Fruits','0802090000',6,'1'),('0802090700','Fresh & Frozen Vegetables','0802090000',7,'1'),('0802090800','Fruit Sauce','0802090000',8,'1'),('0802090900','Salad Mixes','0802090000',9,'1'),('0802100000','Grains, Rice & Cereals','0802000000',10,'1'),('0802100100','Amaranth','0802100000',1,'1'),('0802100200','Barley','0802100000',2,'1'),('0802100300','Buckwheat','0802100000',3,'1'),('0802100400','Cereals & Granola','0802100000',4,'1'),('0802100500','Cornmeal','0802100000',5,'1'),('0802100600','Millet','0802100000',6,'1'),('0802100700','Oats, Grits & Oatmeal','0802100000',7,'1'),('0802100800','Quinoa','0802100000',8,'1'),('0802100900','Rice','0802100000',9,'1'),('0802101000','Wheat','0802100000',10,'1'),('0802101100','Wheat Germ','0802100000',11,'1'),('0802110000','Meat, Seafood & Eggs','0802000000',11,'1'),('0802110100','Eggs','0802110000',1,'1'),('0802110200','Meat','0802110000',2,'1'),('0802110300','Seafood','0802110000',3,'1'),('0802120000','Nuts & Seeds','0802000000',12,'1'),('0802120100','Almonds','0802120000',1,'1'),('0802120200','Brazil Nuts','0802120000',2,'1'),('0802120300','Cashews','0802120000',3,'1'),('0802120400','Chestnuts','0802120000',4,'1'),('0802120500','Hazelnuts','0802120000',5,'1'),('0802120600','Macadamia Nuts','0802120000',6,'1'),('0802120700','Mixed Nuts','0802120000',7,'1'),('0802120800','Peanuts','0802120000',8,'1'),('0802120900','Pecans','0802120000',9,'1'),('0802121000','Pine Nuts','0802120000',10,'1'),('0802121100','Pistachios','0802120000',11,'1'),('0802121200','Pumpkin Seeds','0802120000',12,'1'),('0802121300','Sesame Seeds','0802120000',13,'1'),('0802121400','Sunflower Seeds','0802120000',14,'1'),('0802121500','Walnuts','0802120000',15,'1'),('0802130000','Pasta & Noodles','0802000000',13,'1'),('0802140000','Prepared Foods','0802000000',14,'1'),('0802140100','Frozen Dinners','0802140000',1,'1'),('0802140200','Hors d\'Oeuvre Trays','0802140000',2,'1'),('0802140300','Prepared Entrées & Sides','0802140000',3,'1'),('0802140400','Skillet Dinners','0802140000',4,'1'),('0802140500','Sushi','0802140000',5,'1'),('0802150000','Seasonings & Spices','0802000000',15,'1'),('0802150100','Herbs & Spices','0802150000',1,'1'),('0802150200','MSG','0802150000',2,'1'),('0802150300','Pepper','0802150000',3,'1'),('0802150400','Salt','0802150000',4,'1'),('0802160000','Snack Foods','0802000000',16,'1'),('0802160100','Caramel Corn','0802160000',1,'1'),('0802160200','Cereal & Granola Bars','0802160000',2,'1'),('0802160300','Cheese Puffs','0802160000',3,'1'),('0802160400','Chips','0802160000',4,'1'),('0802160500','Crackers','0802160000',5,'1'),('0802160600','Croutons','0802160000',6,'1'),('0802160700','Fruit Snacks','0802160000',7,'1'),('0802160800','Jerky','0802160000',8,'1'),('0802160900','Popcorn & Popcorn Cakes','0802160000',9,'1'),('0802161000','Pork Rinds','0802160000',10,'1'),('0802161100','Pretzels','0802160000',11,'1'),('0802161200','Pudding & Gelatin Snacks','0802160000',12,'1'),('0802161300','Rice Cakes','0802160000',13,'1'),('0802161400','Salad Toppings','0802160000',14,'1'),('0802161500','Snack Cakes','0802160000',15,'1'),('0802161600','Soy Cakes','0802160000',16,'1'),('0802161700','Trail Mixes','0802160000',17,'1'),('0802170000','Soups & Broths','0802000000',17,'1'),('0802170100','Bouillon Cubes','0802170000',1,'1'),('0802170200','Canned Soups & Broths','0802170000',2,'1'),('0802170300','Dried Soups','0802170000',3,'1'),('0802180000','Tofu, Soy & Vegetarian Products','0802000000',18,'1'),('0802180100','Cheese Alternatives','0802180000',1,'1'),('0802180200','Meat Alternatives','0802180000',2,'1'),('0802180300','Seitan','0802180000',3,'1'),('0802180400','Tempeh','0802180000',4,'1'),('0802180500','Tofu','0802180000',5,'1'),('0802190000','Tobacco Products','0802000000',19,'1'),('0802190100','Chewing Tobacco','0802190000',1,'1'),('0802190200','Cigarettes','0802190000',2,'1'),('0802190300','Cigars','0802190000',3,'1'),('0802190400','Electronic Cigarettes','0802190000',4,'1'),('0802190500','Loose Tobacco','0802190000',5,'1'),('0900000000','Furniture',NULL,9,'1'),('0901000000','Baby & Toddler Furniture','0900000000',1,'1'),('0901010000','Baby & Toddler Furniture Sets','0901000000',1,'1'),('0901020000','Bassinets & Cradles','0901000000',2,'1'),('0901030000','Changing Tables','0901000000',3,'1'),('0901040000','Cribs & Toddler Beds','0901000000',4,'1'),('0901050000','High Chairs & Boosters','0901000000',5,'1'),('0901060000','Playroom Furniture','0901000000',6,'1'),('0902000000','Bean Bag Chairs','0900000000',2,'1'),('0903000000','Beds & Accessories','0900000000',3,'1'),('0903010000','Bed Accessories','0903000000',1,'1'),('0903020000','Bed Frames','0903000000',2,'1'),('0903030000','Beds','0903000000',3,'1'),('0903030100','Bunk Beds','0903030000',1,'1'),('0903030200','Day Beds','0903030000',2,'1'),('0903030300','Murphy Beds','0903030000',3,'1'),('0903030400','Trundle Beds','0903030000',4,'1'),('0903040000','Box Springs','0903000000',4,'1'),('0903050000','Headboards & Footboards','0903000000',5,'1'),('0903060000','Mattresses','0903000000',6,'1'),('0904000000','Benches','0900000000',4,'1'),('0904010000','Outdoor Benches','0904000000',1,'1'),('0904020000','Storage Benches','0904000000',2,'1'),('0904030000','Vanity Benches','0904000000',3,'1'),('0905000000','Cabinets & Storage','0900000000',5,'1'),('0905010000','Armoires & Wardrobes','0905000000',1,'1'),('0905020000','Buffets & Sideboards','0905000000',2,'1'),('0905030000','China Cabinets & Hutches','0905000000',3,'1'),('0905040000','Dressers','0905000000',4,'1'),('0905050000','Magazine Racks','0905000000',5,'1'),('0905060000','Media Storage','0905000000',6,'1'),('0905060100','Media Cabinets','0905060000',1,'1'),('0905060200','Media Racks & Towers','0905060000',2,'1'),('0905070000','Storage Chests','0905000000',7,'1'),('0905080000','Toy Chests','0905000000',8,'1'),('0905090000','Vanities','0905000000',9,'1'),('0905090100','Bathroom Vanities','0905090000',1,'1'),('0905090200','Bedroom Vanities','0905090000',2,'1'),('0905100000','Wine & Liquor Cabinets','0905000000',10,'1'),('0905110000','Wine Racks','0905000000',11,'1'),('0906000000','Carts & Islands','0900000000',6,'1'),('0906010000','Kitchen & Dining Carts','0906000000',1,'1'),('0906020000','Kitchen Islands','0906000000',1,'1'),('0907000000','Chairs','0900000000',7,'1'),('0907010000','Arm Chairs, Recliners & Sleeper Chairs','0907000000',1,'1'),('0907010100','Arm Chairs','0907010000',1,'1'),('0907010200','Recliners','0907010000',2,'1'),('0907020000','Bar Stools','0907000000',2,'1'),('0907030000','Chaises','0907000000',3,'1'),('0907040000','Electric Massaging Chairs','0907000000',4,'1'),('0907050000','Gaming Chairs','0907000000',5,'1'),('0907060000','Kitchen & Dining Room Chairs','0907000000',6,'1'),('0907070000','Office Chairs','0907000000',7,'1'),('0907080000','Rocking Chairs','0907000000',8,'1'),('0907090000','Sleeper Chairs','0907000000',9,'1'),('0908000000','Entertainment Centers & TV Stands','0900000000',8,'1'),('0909000000','Furniture Sets','0900000000',9,'1'),('0909010000','Bedroom Furniture Sets','0909000000',1,'1'),('0909020000','Kitchen & Dining Furniture Sets','0909000000',2,'1'),('0909030000','Living Room Furniture Sets','0909000000',3,'1'),('0910000000','Futon Pads','0900000000',10,'1'),('0911000000','Futons','0900000000',11,'1'),('0912000000','Office Furniture','0900000000',12,'1'),('0912010000','Desk Hutches','0912000000',1,'1'),('0912020000','Desks','0912000000',2,'1'),('0912030000','Workspace Tables','0912000000',3,'1'),('0912030100','Art & Drafting Tables','0912030000',1,'1'),('0912030200','Conference Room Tables','0912030000',2,'1'),('0913000000','Ottomans','0900000000',13,'1'),('0913010000','Convertible Ottomans','0913000000',1,'1'),('0913020000','Glider Ottomans','0913000000',2,'1'),('0913030000','Storage Ottomans','0913000000',3,'1'),('0914000000','Outdoor Furniture','0900000000',14,'1'),('0914010000','Outdoor Furniture Sets','0914000000',1,'1'),('0914020000','Outdoor Ottomans','0914000000',2,'1'),('0914030000','Outdoor Seating','0914000000',3,'1'),('0914030100','Outdoor Chairs','0914030000',1,'1'),('0914030200','Sunloungers','0914030000',2,'1'),('0914040000','Outdoor Tables','0914000000',4,'1'),('0915000000','Room Dividers','0900000000',15,'1'),('0916000000','Sofas','0900000000',16,'1'),('0916010000','Loveseats','0916000000',1,'1'),('0916020000','Outdoor Sofas','0916000000',2,'1'),('0916030000','Sectional Sofas','0916000000',3,'1'),('0916040000','Sofabeds','0916000000',4,'1'),('0917000000','Tables','0900000000',17,'1'),('0917010000','Accent Tables','0917000000',1,'1'),('0917010100','Coffee Tables','0917010000',1,'1'),('0917010200','End Tables','0917010000',2,'1'),('0917010300','Sofa Tables','0917010000',3,'1'),('0917020000','Folding Tables','0917000000',2,'1'),('0917030000','Kitchen & Dining Room Tables','0917000000',3,'1'),('0917040000','Nightstands','0917000000',4,'1'),('0917050000','Poker & Game Tables','0917000000',5,'1'),('0917060000','Sewing Machine Tables','0917000000',6,'1'),('1','Headquarter',NULL,1,'3'),('1','Made-in-China.com',NULL,1,'4'),('1000000000','Hardware',NULL,10,'1'),('1001000000','Adhesives, Coatings & Sealants','1000000000',1,'1'),('1001010000','Caulk','1001000000',1,'1'),('1001020000','Cements','1001000000',2,'1'),('1001030000','Coatings','1001000000',3,'1'),('1001040000','Glues','1001000000',4,'1'),('1001040100','Glue Gun Sticks','1001040000',1,'1'),('1001040200','Glue Sticks','1001040000',2,'1'),('1001040300','Rubber Cement','1001040000',3,'1'),('1001040400','Super Glue','1001040000',4,'1'),('1001040500','White Glue','1001040000',5,'1'),('1001040600','Wood Glue','1001040000',6,'1'),('1001050000','Joint Compounds','1001000000',5,'1'),('1001060000','Sealants','1001000000',6,'1'),('1002000000','Building Materials','1000000000',2,'1'),('1002010000','Bricks, Stones & Concrete','1002000000',1,'1'),('1002020000','Doors','1002000000',2,'1'),('1002020100','Garage Doors','1002020000',1,'1'),('1002020200','Home Doors','1002020000',2,'1'),('1002020300','Utility Doors','1002020000',3,'1'),('1002030000','Glass','1002000000',3,'1'),('1002040000','Hatches','1002000000',4,'1'),('1002050000','Lumber','1002000000',5,'1'),('1002060000','Windows','1002000000',6,'1'),('1003000000','Chemicals','1000000000',3,'1'),('1003010000','Acid Neutralizers','1003000000',1,'1'),('1003020000','Ammonia','1003000000',2,'1'),('1003030000','Chimney Cleaners','1003000000',3,'1'),('1003040000','De-icers','1003000000',4,'1'),('1003050000','Drain Cleaners','1003000000',5,'1'),('1004000000','Countertops','1000000000',4,'1'),('1004010000','Ceramic & Porcelain Countertops','1004000000',1,'1'),('1004020000','Hardwood Countertops','1004000000',2,'1'),('1004030000','Laminate Countertops','1004000000',3,'1'),('1004040000','Stone Countertops','1004000000',4,'1'),('1004040100','Granite Countertops','1004040000',1,'1'),('1004040200','Marble Countertops','1004040000',2,'1'),('1004040300','Tile Countertops','1004040000',3,'1'),('1004050000','Vinyl Countertops','1004000000',5,'1'),('1005000000','Electrical Supplies','1000000000',5,'1'),('1005010000','Bypass Switches','1005000000',1,'1'),('1005020000','Charge Controllers','1005000000',2,'1'),('1005030000','Circuit Breaker Panels','1005000000',3,'1'),('1005040000','Electrical Plug Caps','1005000000',4,'1'),('1005050000','Electrical Switches','1005000000',5,'1'),('1005060000','Electrical Timers','1005000000',6,'1'),('1005070000','Electrical Wires','1005000000',7,'1'),('1005080000','Extension Cord Accessories','1005000000',8,'1'),('1005080100','Extension Cord Connectors','1005080000',1,'1'),('1005080200','Extension Cord Reels & Winders','1005080000',2,'1'),('1005090000','Extension Cords','1005000000',9,'1'),('1005100000','Heat-Shrink Tubing','1005000000',10,'1'),('1005110000','Light Switches','1005000000',11,'1'),('1005120000','Mount Boxes & Brackets','1005000000',12,'1'),('1005130000','Wall Plates','1005000000',13,'1'),('1005140000','Wall Sockets','1005000000',14,'1'),('1005150000','Wire Binding Spools','1005000000',15,'1'),('1005160000','Wire Closers','1005000000',16,'1'),('1006000000','Flooring','1000000000',6,'1'),('1006010000','Carpets','1006000000',1,'1'),('1006020000','Ceramic & Porcelain Flooring','1006000000',2,'1'),('1006030000','Hardwood Flooring','1006000000',3,'1'),('1006040000','Laminate Flooring','1006000000',4,'1'),('1006050000','Rubber Flooring','1006000000',5,'1'),('1006060000','Stone Flooring','1006000000',6,'1'),('1006060100','Granite Flooring','1006060000',1,'1'),('1006060200','Marble Flooring','1006060000',2,'1'),('1006060300','Tile Flooring','1006060000',3,'1'),('1006070000','Vinyl Flooring','1006000000',7,'1'),('1007000000','Hardware Accessories','1000000000',7,'1'),('1007010000','Bungee Cords','1007000000',1,'1'),('1007020000','Cabinet Hardware','1007000000',2,'1'),('1007020100','Cabinet Backplates','1007020000',1,'1'),('1007020200','Cabinet Catches','1007020000',2,'1'),('1007020300','Cabinet Doors','1007020000',3,'1'),('1007020400','Cabinet Knobs & Handles','1007020000',4,'1'),('1007020500','Cabinet Locks','1007020000',5,'1'),('1007030000','Chains','1007000000',3,'1'),('1007040000','Coils','1007000000',4,'1'),('1007050000','Controls','1007000000',5,'1'),('1007050100','Control Panels','1007050000',1,'1'),('1007050200','HVAC Controls','1007050000',2,'1'),('1007050300','Thermostats','1007050000',3,'1'),('1007060000','Door Hardware','1007000000',6,'1'),('1007060100','Door Bells & Chimes','1007060000',1,'1'),('1007060200','Door Closers','1007060000',2,'1'),('1007060300','Door Knockers','1007060000',3,'1'),('1007060400','Door Stops','1007060000',4,'1'),('1007060500','Door Strikes','1007060000',5,'1'),('1007070000','Door Knobs & Handles','1007000000',7,'1'),('1007080000','Drop Cloths','1007000000',8,'1'),('1007090000','Drywall Anchors','1007000000',9,'1'),('1007100000','Filters & Screens','1007000000',10,'1'),('1007110000','Gas Hoses','1007000000',11,'1'),('1007120000','Hardware Tape','1007000000',12,'1'),('1007120100','Copper Tape','1007120000',1,'1'),('1007120200','Drywall Tape','1007120000',2,'1'),('1007120300','Duct Tape','1007120000',3,'1'),('1007120400','Electrical Tape','1007120000',4,'1'),('1007120500','Gaffers Tape','1007120000',5,'1'),('1007120600','Heat Tape','1007120000',6,'1'),('1007120700','Masking Tape','1007120000',7,'1'),('1007120800','Teflon Tape','1007120000',8,'1'),('1007130000','Hinges','1007000000',13,'1'),('1007140000','Latches','1007000000',14,'1'),('1007150000','Lubricants','1007000000',15,'1'),('1007160000','Lubrication Hoses','1007000000',16,'1'),('1007170000','Nails','1007000000',17,'1'),('1007180000','Nuts & Bolts','1007000000',18,'1'),('1007190000','Pneumatic Hoses','1007000000',19,'1'),('1007200000','Pull Chains','1007000000',20,'1'),('1007210000','Rope','1007000000',21,'1'),('1007220000','Screw Posts','1007000000',22,'1'),('1007230000','Screws','1007000000',23,'1'),('1007230100','Drywall Screws','1007230000',1,'1'),('1007230200','Metal Screws','1007230000',2,'1'),('1007230300','Wood Screws','1007230000',3,'1'),('1007240000','Solder & Flux','1007000000',24,'1'),('1007250000','Tarps','1007000000',25,'1'),('1007260000','Tie Down Straps','1007000000',26,'1'),('1007270000','Tool Storage & Organization','1007000000',27,'1'),('1007270100','Garden Hose Storage','1007270000',1,'1'),('1007270200','Tool & Duty Belts','1007270000',2,'1'),('1007270300','Tool Boxes','1007270000',3,'1'),('1007270400','Tool Cabinets','1007270000',4,'1'),('1007270500','Tool Sheaths','1007270000',5,'1'),('1007270600','Work Benches','1007270000',6,'1'),('1007280000','Twine','1007000000',28,'1'),('1007290000','Vents & Flues','1007000000',29,'1'),('1007300000','Washers','1007000000',30,'1'),('1008000000','Hardware Torches','1000000000',8,'1'),('1009000000','Home Fencing','1000000000',9,'1'),('1009010000','Fences','1009000000',1,'1'),('1009020000','Fencing Pickets','1009000000',2,'1'),('1009030000','Fencing Posts','1009000000',3,'1'),('1009040000','Gates','1009000000',4,'1'),('1009050000','Wire Fencing','1009000000',5,'1'),('1009050100','Barbed & Razor Wire','1009050000',1,'1'),('1009050200','Chain Link Fencing','1009050000',2,'1'),('101','Appreciation Events',NULL,12,'2'),('1010000000','Insulation','1000000000',10,'1'),('1010010000','Building Insulation','1010000000',1,'1'),('1010020000','Pipe Insulation','1010000000',2,'1'),('1010030000','Window & Door Insulation','1010000000',3,'1'),('1011000000','Key Blanks','1000000000',11,'1'),('1012000000','Locks & Locksmithing','1000000000',12,'1'),('1012010000','Deadbolt Locks','1012000000',1,'1'),('1012020000','Key Card Entry Systems','1012000000',2,'1'),('1012030000','Padlocks','1012000000',3,'1'),('1012040000','Pocket Door Locks','1012000000',4,'1'),('1013000000','Painting & Wall Covering Supplies','1000000000',13,'1'),('1013010000','Finishes','1013000000',1,'1'),('1013020000','Paint','1013000000',2,'1'),('1013030000','Paint Binders','1013000000',3,'1'),('1013040000','Paint Removers','1013000000',4,'1'),('1013050000','Primers','1013000000',5,'1'),('1013060000','Solvents','1013000000',6,'1'),('1013070000','Stains','1013000000',7,'1'),('1013080000','Varnishes','1013000000',8,'1'),('1013090000','Wallpaper','1013000000',9,'1'),('1014000000','Plumbing','1000000000',14,'1'),('1014010000','Ballcocks & Flappers','1014000000',1,'1'),('1014020000','Drain Accessories','1014000000',2,'1'),('1014020100','Drain Frames','1014020000',1,'1'),('1014020200','Drain Liners','1014020000',2,'1'),('1014020300','Drain Openers','1014020000',3,'1'),('1014020400','Drain Rods','1014020000',4,'1'),('1014020500','Plumbing Wastes','1014020000',5,'1'),('1014030000','Fuel Lines & Accessories','1014000000',3,'1'),('1014040000','Hoses','1014000000',4,'1'),('1014050000','Nozzles','1014000000',5,'1'),('1014060000','Plumbing Fittings','1014000000',6,'1'),('1014060100','Flanges','1014060000',1,'1'),('1014060200','Piping Adaptors & Bushings','1014060000',2,'1'),('1014060300','Piping Caps & Plugs','1014060000',3,'1'),('1014060400','Piping Clamps','1014060000',4,'1'),('1014060500','Piping Connectors','1014060000',5,'1'),('1014060600','Plumbing Gaskets','1014060000',6,'1'),('1014070000','Plumbing Fixtures','1014000000',7,'1'),('1014070100','Bathtub Accessories','1014070000',1,'1'),('1014070200','Bathtubs','1014070000',2,'1'),('1014070300','Faucet Accessories','1014070000',3,'1'),('1014070400','Faucets','1014070000',4,'1'),('1014070500','Fixture Plates','1014070000',5,'1'),('1014070600','Shower','1014070000',6,'1'),('1014070700','Sink Accessories','1014070000',7,'1'),('1014070800','Sinks','1014070000',8,'1'),('1014070900','Toilet & Bidet Accessories','1014070000',9,'1'),('1014071000','Toilets & Bidets','1014070000',10,'1'),('1014080000','Plumbing Pipes','1014000000',8,'1'),('1014080100','Piping Nipples','1014080000',1,'1'),('1014080200','Push-Fit Pipes','1014080000',2,'1'),('1014080300','Steel Pipes','1014080000',3,'1'),('1014090000','Plumbing Pumps','1014000000',9,'1'),('1014100000','Plumbing Regulators','1014000000',10,'1'),('1014110000','Plumbing Stops','1014000000',11,'1'),('1014120000','Plumbing Taps','1014000000',12,'1'),('1014120100','Gas Taps','1014120000',1,'1'),('1014120200','Hose Bibbs','1014120000',2,'1'),('1014120300','Water Taps','1014120000',3,'1'),('1014130000','Plumbing Valves','1014000000',13,'1'),('1014140000','Repair Kits','1014000000',14,'1'),('1014150000','Thermocouples','1014000000',15,'1'),('1014160000','Traps & Strainers','1014000000',16,'1'),('1014160100','Bath Traps','1014160000',1,'1'),('1014160200','Bottle Traps','1014160000',2,'1'),('1014160300','Shower Traps','1014160000',3,'1'),('1014170000','Tube Cleaners','1014000000',17,'1'),('1014180000','Water Dispensing & Filtration','1014000000',18,'1'),('1014180100','In-Line Water Filters','1014180000',1,'1'),('1014180200','Water Dispensers','1014180000',2,'1'),('1014180300','Water Distillers','1014180000',3,'1'),('1014180400','Water Filtration Accessories','1014180000',4,'1'),('1014180500','Water Softener Accessories','1014180000',5,'1'),('1014180600','Water Softeners','1014180000',6,'1'),('1014190000','Water Levelers','1014000000',19,'1'),('1014200000','Water Timers','1014000000',20,'1'),('1014210000','Well Supplies','1014000000',21,'1'),('1015000000','Renewable Energy','1000000000',15,'1'),('1016000000','Roofing','1000000000',16,'1'),('1016010000','Gutter Accessories','1016000000',1,'1'),('1016020000','Gutters','1016000000',2,'1'),('1016030000','Roof Flashings','1016000000',3,'1'),('1017000000','Solar Energy','1000000000',17,'1'),('1017010000','Solar Energy Kits','1017000000',1,'1'),('1017020000','Solar Panels','1017000000',2,'1'),('1018000000','Storage Tanks','1000000000',18,'1'),('1018010000','Food Tanks','1018000000',1,'1'),('1018020000','Oil Tanks','1018000000',2,'1'),('1018030000','Water Tanks','1018000000',3,'1'),('1019000000','Tool Accessories','1000000000',19,'1'),('1019010000','Drill Accessories','1019000000',1,'1'),('1019010100','Drill Bit Sharpeners','1019010000',1,'1'),('1019010200','Drill Bits','1019010000',2,'1'),('1019010300','Hole Saws','1019010000',3,'1'),('1019020000','Driver Accessories','1019000000',2,'1'),('1019030000','Flashlight Accessories','1019000000',3,'1'),('1019040000','Generator Accessories','1019000000',4,'1'),('1019040100','Generator Covers','1019040000',1,'1'),('1019040200','Generator Replacement Parts','1019040000',2,'1'),('1019050000','Industrial Staples','1019000000',5,'1'),('1019060000','Measuring Tool & Sensor Accessories','1019000000',6,'1'),('1019060100','Gas Detector Accessories','1019060000',1,'1'),('1019060200','Metal & Voltage Detector Accessories','1019060000',2,'1'),('1019070000','Power Tool Batteries','1019000000',7,'1'),('1019080000','Power Tool Chargers','1019000000',8,'1'),('1019090000','Router Accessories','1019000000',9,'1'),('1019090100','Router Bits','1019090000',1,'1'),('1019090200','Router Tables','1019090000',2,'1'),('1019100000','Sanding Accessories','1019000000',10,'1'),('1019110000','Saw Accessories','1019000000',12,'1'),('1019110100','Miter Saw Accessories','1019110000',1,'1'),('1019110200','Table Saw Accessories','1019110000',2,'1'),('1019120000','Screwdriver Accessories','1019000000',12,'1'),('1019130000','Shaper Accessories','1019000000',13,'1'),('1019140000','Soldering Iron Accessories','1019000000',14,'1'),('1019140100','Soldering Iron Stands','1019140000',1,'1'),('1019140200','Soldering Iron Tips','1019140000',2,'1'),('1019150000','Tool Blades','1019000000',15,'1'),('1019160000','Tool Handles','1019000000',16,'1'),('1019170000','Tool Sockets','1019000000',17,'1'),('1019180000','Tool Stands','1019000000',18,'1'),('102','Closing-Out Sales',NULL,3,'2'),('1020000000','Tools','1000000000',20,'1'),('1020010000','Anvils','1020000000',1,'1'),('1020020000','Awls','1020000000',2,'1'),('1020030000','Axes','1020000000',3,'1'),('1020040000','Benders','1020000000',4,'1'),('1020050000','Blowguns','1020000000',5,'1'),('1020060000','Brushes','1020000000',6,'1'),('1020060100','Air Brushes','1020060000',1,'1'),('1020060200','Chimney Brushes','1020060000',2,'1'),('1020060300','Paint Brushes','1020060000',3,'1'),('1020060400','Pipe Brushes','1020060000',4,'1'),('1020070000','Carving Tools','1020000000',7,'1'),('1020070100','Carving Spoons','1020070000',1,'1'),('1020070200','Chisels','1020070000',2,'1'),('1020070300','Gouges','1020070000',3,'1'),('1020070400','Wood Carving Knives','1020070000',4,'1'),('1020080000','Caulking Tools','1020000000',8,'1'),('1020080100','Caulking Guns','1020080000',1,'1'),('1020080200','Caulking Irons','1020080000',2,'1'),('1020080300','Caulking Mallets','1020080000',3,'1'),('1020090000','Compactors','1020000000',9,'1'),('1020100000','Compressors','1020000000',10,'1'),('1020100100','Air Compressors','1020100000',1,'1'),('1020100200','Gas Compressors','1020100000',2,'1'),('1020110000','Concrete Brooms','1020000000',11,'1'),('1020120000','Crowbars','1020000000',12,'1'),('1020130000','Cutters','1020000000',13,'1'),('1020130100','Bolt Cutters','1020130000',1,'1'),('1020130200','Glass Cutters','1020130000',2,'1'),('1020130300','Nibblers','1020130000',3,'1'),('1020130400','Pipe Cutters','1020130000',4,'1'),('1020130500','Rebar Cutters','1020130000',5,'1'),('1020130600','Tile & Shingle Cutters','1020130000',6,'1'),('1020130700','Utility Knives','1020130000',7,'1'),('1020140000','Deburrers','1020000000',14,'1'),('1020150000','Die Sets','1020000000',15,'1'),('1020160000','Dollies & Hand Trucks','1020000000',16,'1'),('1020170000','Drills','1020000000',17,'1'),('1020170100','Augers','1020170000',1,'1'),('1020170200','Drill Presses','1020170000',2,'1'),('1020170300','Handheld Power Drills','1020170000',3,'1'),('1020170400','Mortisers','1020170000',4,'1'),('1020170500','Pneumatic Drills','1020170000',5,'1'),('1020180000','Electrician Fish Tape','1020000000',18,'1'),('1020190000','Fasteners','1020000000',19,'1'),('1020200000','Flashlights','1020000000',20,'1'),('1020210000','Generators','1020000000',21,'1'),('1020220000','Glue Guns','1020000000',22,'1'),('1020230000','Grinders','1020000000',23,'1'),('1020240000','Grips','1020000000',24,'1'),('1020250000','Hammering','1020000000',25,'1'),('1020250100','Air Hammers','1020250000',1,'1'),('1020250200','Automatic Hammers','1020250000',2,'1'),('1020250300','Hammers','1020250000',3,'1'),('1020250400','Jackhammers','1020250000',4,'1'),('1020260000','Heat Guns','1020000000',26,'1'),('1020270000','Hex Keys','1020000000',27,'1'),('1020280000','Hoisting','1020000000',28,'1'),('1020280100','Air Casters','1020280000',1,'1'),('1020280200','Buckhoists','1020280000',2,'1'),('1020280300','Chainhoists','1020280000',3,'1'),('1020280400','Jack Lifts','1020280000',4,'1'),('1020280500','Pallet Jacks','1020280000',5,'1'),('1020280600','Wire Hoists','1020280000',6,'1'),('1020290000','Impact Wrenches & Drivers','1020000000',29,'1'),('1020300000','Industrial Vibrators','1020000000',30,'1'),('1020310000','Ladders & Scaffolding','1020000000',31,'1'),('1020310100','Aluminum Ladders','1020310000',1,'1'),('1020310200','Ladder Carts','1020310000',2,'1'),('1020310300','Scaffolding','1020310000',3,'1'),('1020310400','Step Stools','1020310000',4,'1'),('1020310500','Wooden Ladders','1020310000',5,'1'),('1020310600','Work Platforms','1020310000',6,'1'),('1020320000','Lathes','1020000000',32,'1'),('1020330000','Lifting Magnets','1020000000',33,'1'),('1020340000','Light Bulb Changers','1020000000',34,'1'),('1020350000','Marking Tools','1020000000',35,'1'),('1020350100','Carpenter Pencils','1020350000',1,'1'),('1020350200','Chalk Lines','1020350000',2,'1'),('1020350300','Marking Chisels','1020350000',3,'1'),('1020350400','Marking Knives','1020350000',4,'1'),('1020360000','Masonry Tools','1020000000',36,'1'),('1020360100','Brick Tools','1020360000',1,'1'),('1020360200','Cement Mixers','1020360000',2,'1'),('1020360300','Construction Lines','1020360000',3,'1'),('1020360400','Edgers','1020360000',4,'1'),('1020360500','Floats','1020360000',5,'1'),('1020360600','Masonry Jointers','1020360000',6,'1'),('1020360700','Masonry Trowels','1020360000',7,'1'),('1020360800','Power Trowels','1020360000',8,'1'),('1020370000','Measuring Tools & Sensors','1020000000',37,'1'),('1020370100','Air Quality Meters','1020370000',1,'1'),('1020370200','Altimeters','1020370000',2,'1'),('1020370300','Barometers','1020370000',3,'1'),('1020370400','Cable Testers','1020370000',4,'1'),('1020370500','Calipers','1020370000',5,'1'),('1020370600','Cruising Rods','1020370000',6,'1'),('1020370700','Diagnostic Thermal Cameras','1020370000',7,'1'),('1020370800','Distance Meters','1020370000',8,'1'),('1020370900','Dividers','1020370000',9,'1'),('1020371000','Flow Meters','1020370000',10,'1'),('1020371100','Gas Detectors','1020370000',11,'1'),('1020371200','Gauges','1020370000',12,'1'),('1020371300','Geiger Counters','1020370000',13,'1'),('1020371400','Hygrometers','1020370000',14,'1'),('1020371500','Knife Guides','1020370000',15,'1'),('1020371600','Leak Detectors','1020370000',16,'1'),('1020371700','Levels','1020370000',17,'1'),('1020371800','Measuring Wheels','1020370000',18,'1'),('1020371900','Metal & Voltage Detectors','1020370000',19,'1'),('1020372000','Moisture Meters','1020370000',20,'1'),('1020372100','Pipe Locators','1020370000',21,'1'),('1020372200','Probes & Finders','1020370000',22,'1'),('1020372300','Protractors','1020370000',23,'1'),('1020372400','Rebar Locators','1020370000',24,'1'),('1020372500','Rulers','1020370000',25,'1'),('1020372600','Scales','1020370000',26,'1'),('1020372700','Seismometer','1020370000',27,'1'),('1020372800','Sound Meters','1020370000',28,'1'),('1020372900','Squares','1020370000',29,'1'),('1020373000','Straight Edges','1020370000',30,'1'),('1020373100','Stud Sensors','1020370000',31,'1'),('1020373200','Tape Measures','1020370000',32,'1'),('1020373300','Theodolites','1020370000',33,'1'),('1020373400','Thermometers','1020370000',34,'1'),('1020373500','UV Light Meters','1020370000',35,'1'),('1020373600','Vibration Meters','1020370000',36,'1'),('1020373700','Weather Forecasters & Stations','1020370000',37,'1'),('1020373800','Wire Locators','1020370000',38,'1'),('1020373900','PH Meters','1020370000',39,'1'),('1020380000','Milling Machines','1020000000',38,'1'),('1020390000','Multifunction Power Tools','1020000000',39,'1'),('1020400000','Nail Pullers','1020000000',40,'1'),('1020410000','Nailers & Staplers','1020000000',41,'1'),('1020420000','Oil Filter Drains','1020000000',42,'1'),('1020430000','Paint Tools','1020000000',43,'1'),('1020430100','Paint Edgers','1020430000',1,'1'),('1020430200','Paint Rollers','1020430000',2,'1'),('1020430300','Paint Sponges','1020430000',3,'1'),('1020430400','Paint Sprayers','1020430000',4,'1'),('1020430500','Paint Stripper','1020430000',5,'1'),('1020430600','Paint Trays','1020430000',6,'1'),('1020440000','Pickup Tools','1020000000',44,'1'),('1020450000','Planes','1020000000',45,'1'),('1020460000','Pliers','1020000000',46,'1'),('1020470000','Plungers','1020000000',47,'1'),('1020480000','Polishers & Buffers','1020000000',48,'1'),('1020490000','Post Hole Diggers','1020000000',49,'1'),('1020500000','Punches','1020000000',50,'1'),('1020510000','Putty Knives & Scrapers','1020000000',51,'1'),('1020520000','Reamers','1020000000',52,'1'),('1020530000','Routing Tools','1020000000',53,'1'),('1020540000','Sanders','1020000000',54,'1'),('1020550000','Sanding Blocks','1020000000',55,'1'),('1020560000','Saw Horses','1020000000',56,'1'),('1020570000','Saws','1020000000',57,'1'),('1020570100','Band Saws','1020570000',1,'1'),('1020570200','Cut-Off Saws','1020570000',2,'1'),('1020570300','Hacksaws','1020570000',3,'1'),('1020570400','Hand Saws','1020570000',4,'1'),('1020570500','Handheld Circular Saws','1020570000',5,'1'),('1020570600','Jig Saws','1020570000',6,'1'),('1020570700','Miter Saws','1020570000',7,'1'),('1020570800','Reciprocating Saws','1020570000',8,'1'),('1020570900','Scroll Saws','1020570000',9,'1'),('1020571000','Table Saws','1020570000',10,'1'),('1020580000','Screwdrivers','1020000000',58,'1'),('1020580100','Manual Screwdrivers','1020580000',1,'1'),('1020580200','Power Screwdrivers','1020580000',2,'1'),('1020590000','Shapers','1020000000',59,'1'),('1020600000','Sharpeners','1020000000',60,'1'),('1020600100','Chainsaw Sharpeners','1020600000',1,'1'),('1020600200','Sharpening Stones','1020600000',2,'1'),('1020610000','Socket Drivers','1020000000',61,'1'),('1020620000','Soldering Irons','1020000000',62,'1'),('1020630000','Tap Reseaters','1020000000',63,'1'),('1020640000','Threading Machines','1020000000',64,'1'),('1020650000','Tool Clamps','1020000000',65,'1'),('1020660000','Tool Files','1020000000',66,'1'),('1020670000','Tool Keys','1020000000',67,'1'),('1020670100','Manhole Keys','1020670000',1,'1'),('1020670200','Radiator Keys','1020670000',2,'1'),('1020670300','Stopcock Keys','1020670000',3,'1'),('1020680000','Tool Knives','1020000000',68,'1'),('1020690000','Tool Sets','1020000000',69,'1'),('1020690100','Power Tool Combo Sets','1020690000',1,'1'),('1020690200','Woodworking Tool Sets','1020690000',2,'1'),('1020700000','Welding Tools','1020000000',70,'1'),('1020710000','Wire & Cable Tools','1020000000',71,'1'),('1020710100','Cable Slitters','1020710000',1,'1'),('1020710200','Snippers','1020710000',2,'1'),('1020710300','Wire Crimpers','1020710000',3,'1'),('1020710400','Wire Cutters','1020710000',4,'1'),('1020710500','Wire Strippers','1020710000',5,'1'),('1020720000','Work Lights','1020000000',72,'1'),('1020730000','Wrenches','1020000000',73,'1'),('103','Trade Conferences/Meetings',NULL,10,'2'),('104',' Consumer Shows',NULL,8,'2'),('105','Coupons',NULL,2,'2'),('106','Exhibitions',NULL,6,'2'),('107','Product launches',NULL,9,'2'),('108','Promotions',NULL,1,'2'),('109','Seminars',NULL,11,'2'),('110','Trade Shows',NULL,5,'2'),('1100000000','Health & Beauty',NULL,11,'1'),('1101000000','Health Care','1100000000',1,'1'),('1101010000','Acupuncture','1101000000',1,'1'),('1101010100','Acupuncture Models','1101010000',1,'1'),('1101010200','Acupuncture Needles','1101010000',2,'1'),('1101020000','Arthritis Care','1101000000',2,'1'),('1101030000','Biometric Monitor Accessories','1101000000',3,'1'),('1101030100','Blood Glucose Meter Accessories','1101030000',1,'1'),('1101030200','Blood Pressure Monitor Accessories','1101030000',2,'1'),('1101030300','Body Weight Scale Accessories','1101030000',3,'1'),('1101030400','Heart Rate Monitor Accessories','1101030000',4,'1'),('1101040000','Biometric Monitors','1101000000',4,'1'),('1101040100','Blood Glucose Meters','1101040000',1,'1'),('1101040200','Blood Pressure Monitors','1101040000',2,'1'),('1101040300','Body Fat Analyzers','1101040000',3,'1'),('1101040400','Body Weight Scales','1101040000',4,'1'),('1101040500','Breathalyzers','1101040000',5,'1'),('1101040600','Cholesterol Analyzers','1101040000',6,'1'),('1101040700','Fertility Monitors','1101040000',7,'1'),('1101040800','Heart Rate Monitors','1101040000',8,'1'),('1101040900','Medical Thermometers','1101040000',9,'1'),('1101041000','Pedometers','1101040000',10,'1'),('1101041100','Prenatal Heart Monitors','1101040000',11,'1'),('1101041200','Pulse Oximeters','1101040000',12,'1'),('1101050000','Contraceptives','1101000000',5,'1'),('1101060000','Diabetes Care','1101000000',6,'1'),('1101070000','Drug Tests','1101000000',7,'1'),('1101080000','First Aid','1101000000',8,'1'),('1101080100','Antiseptics & Cleaning Supplies','1101080000',1,'1'),('1101080200','Bandages & Tapes','1101080000',2,'1'),('1101080300','Cast & Bandage Protectors','1101080000',3,'1'),('1101080400','Eye Wash Supplies','1101080000',4,'1'),('1101080500','First Aid Kits','1101080000',5,'1'),('1101080600','Heat Rubs','1101080000',6,'1'),('1101080700','Hot & Cold Therapies','1101080000',7,'1'),('1101080800','Rash & Anti-Itch Treatments','1101080000',8,'1'),('1101090000','Fitness & Nutrition','1101000000',9,'1'),('1101090100','Diet Pills','1101090000',1,'1'),('1101090200','Nutrition Bars','1101090000',2,'1'),('1101090300','Nutrition Drinks & Shakes','1101090000',3,'1'),('1101090400','Nutrition Gels & Chews','1101090000',4,'1'),('1101090500','Protein Powder','1101090000',5,'1'),('1101090600','Traditional Chinese Tonics','1101090000',6,'1'),('1101090700','Vitamins & Supplements','1101090000',7,'1'),('1101100000','Hearing Aids','1101000000',10,'1'),('1101110000','Incontinence Aids','1101000000',11,'1'),('1101120000','Medical Alarm Systems','1101000000',12,'1'),('1101130000','Medical Identification Tags & Jewelry','1101000000',13,'1'),('1101140000','Medicine & Drugs','1101000000',14,'1'),('1101150000','Mobility & Accessibility','1101000000',15,'1'),('1101150100','Accessibility Equipment','1101150000',1,'1'),('1101150200','Accessibility Equipment Accessories','1101150000',2,'1'),('1101150300','Accessibility Furniture & Fixtures','1101150000',3,'1'),('1101150400','Walking Aids','1101150000',4,'1'),('1101160000','Physical Therapy Equipment','1101000000',16,'1'),('1101170000','Pregnancy Tests','1101000000',17,'1'),('1101180000','Respiratory Care','1101000000',18,'1'),('1101190000','Smoking Cessation','1101000000',19,'1'),('1101200000','Supports & Braces','1101000000',20,'1'),('1101210000','Surgical Lubricants','1101000000',21,'1'),('1102000000','Jewelry Cleaning & Care','1100000000',2,'1'),('1102010000','Jewelry Cleaners','1102000000',1,'1'),('1102030000','Jewelry Holders','1102000000',2,'1'),('1103000000','Personal Care','1100000000',3,'1'),('1103010000','Back Care','1103000000',1,'1'),('1103020000','Cosmetics','1103000000',2,'1'),('1103020100','Bath & Body','1103020000',1,'1'),('1103020200','Bath & Body Gift Sets','1103020000',2,'1'),('1103020300','Cosmetic Tool Cleaners','1103020000',3,'1'),('1103020400','Cosmetic Tools','1103020000',4,'1'),('1103020500','Makeup','1103020000',5,'1'),('1103020600','Nail Care','1103020000',6,'1'),('1103020700','Perfume & Cologne','1103020000',7,'1'),('1103020800','Skin Care','1103020000',8,'1'),('1103030000','Cotton Balls','1103000000',3,'1'),('1103040000','Cotton Swabs','1103000000',4,'1'),('1103050000','Deodorant & Anti-Perspirant','1103000000',5,'1'),('1103060000','Ear Care','1103000000',6,'1'),('1103060100','Ear Candles','1103060000',1,'1'),('1103060200','Ear Drops','1103060000',2,'1'),('1103060300','Ear Dryers','1103060000',3,'1'),('1103060400','Ear Syringes','1103060000',4,'1'),('1103060500','Ear Wax Removal Kits','1103060000',5,'1'),('1103060600','Earplugs','1103060000',6,'1'),('1103070000','Feminine Sanitary Supplies','1103000000',7,'1'),('1103070100','Feminine Douches & Washes','1103070000',1,'1'),('1103070200','Feminine Pads & Protectors','1103070000',2,'1'),('1103070300','Tampons','1103070000',3,'1'),('1103080000','Foot Care','1103000000',8,'1'),('1103080100','Antifungal Treatments','1103080000',1,'1'),('1103080200','Bunion Care','1103080000',2,'1'),('1103080300','Corn & Callus Care','1103080000',3,'1'),('1103080400','Foot Odor Removers','1103080000',4,'1'),('1103080500','Insoles & Inserts','1103080000',5,'1'),('1103090000','Hair Care','1103000000',9,'1'),('1103090100','Combs & Brushes','1103090000',1,'1'),('1103090200','Hair Color','1103090000',2,'1'),('1103090300','Hair Color Removers','1103090000',3,'1'),('1103090400','Hair Coloring Accessories','1103090000',4,'1'),('1103090500','Hair Curler Clips & Pins','1103090000',5,'1'),('1103090600','Hair Curlers','1103090000',6,'1'),('1103090700','Hair Dryer Accessories','1103090000',7,'1'),('1103090800','Hair Dryers','1103090000',8,'1'),('1103090900','Hair Iron Accessories','1103090000',9,'1'),('1103091000','Hair Loss Concealers','1103090000',10,'1'),('1103091100','Hair Loss Treatments','1103090000',11,'1'),('1103091200','Hair Permanents & Straighteners','1103090000',12,'1'),('1103091300','Hair Shears','1103090000',13,'1'),('1103091400','Hair Steamers & Heat Caps','1103090000',14,'1'),('1103091500','Hair Styling Products','1103090000',15,'1'),('1103091600','Hair Styling Tool Accessories','1103090000',16,'1'),('1103091700','Hair Styling Tools','1103090000',17,'1'),('1103091800','Shampoo & Conditioner','1103090000',18,'1'),('1103100000','Massage & Relaxation','1103000000',10,'1'),('1103100100','Massage Chairs','1103100000',1,'1'),('1103100200','Massage Oil','1103100000',2,'1'),('1103100300','Massage Tables','1103100000',3,'1'),('1103110000','Massagers','1103000000',11,'1'),('1103120000','Oral Care','1103000000',12,'1'),('1103120100','Breath Spray','1103120000',1,'1'),('1103120200','Dental Water Jet Replacement Tips','1103120000',2,'1'),('1103120300','Dental Water Jets','1103120000',3,'1'),('1103120400','Denture Adhesives','1103120000',4,'1'),('1103120500','Denture Cleaners','1103120000',5,'1'),('1103120600','Dentures','1103120000',6,'1'),('1103120700','Floss','1103120000',7,'1'),('1103120800','Gum Stimulators','1103120000',8,'1'),('1103120900','Mouthguards','1103120000',9,'1'),('1103121000','Mouthwash','1103120000',10,'1'),('1103121100','Oral Pain Relievers','1103120000',11,'1'),('1103121200','Power Flossers','1103120000',12,'1'),('1103121300','Teeth Whitening','1103120000',13,'1'),('1103121400','Tongue Scrapers','1103120000',14,'1'),('1103121500','Toothbrush Accessories','1103120000',15,'1'),('1103121600','Toothbrushes','1103120000',16,'1'),('1103121700','Toothpaste','1103120000',17,'1'),('1103121800','Toothpaste Squeezers & Dispensers','1103120000',18,'1'),('1103121900','Toothpicks','1103120000',19,'1'),('1103130000','Personal Lubricants','1103000000',13,'1'),('1103140000','Shaving & Grooming','1103000000',14,'1'),('1103140100','Aftershave','1103140000',1,'1'),('1103140200','Electric Razor Accessories','1103140000',2,'1'),('1103140300','Electric Razors','1103140000',3,'1'),('1103140400','Hair Clipper & Trimmer Accessories','1103140000',4,'1'),('1103140500','Hair Clippers & Trimmers','1103140000',5,'1'),('1103140600','Hair Removal','1103140000',6,'1'),('1103140700','Razors & Razor Blades','1103140000',7,'1'),('1103140800','Shaving Brushes','1103140000',8,'1'),('1103140900','Shaving Cream','1103140000',9,'1'),('1103141000','Shaving Kits','1103140000',10,'1'),('1103141100','Styptic Pencils','1103140000',11,'1'),('1103150000','Sleeping Aids','1103000000',15,'1'),('1103150100','Sleep Masks','1103150000',1,'1'),('1103150200','Snoring & Sleep Apnea Aids','1103150000',2,'1'),('1103150300','Travel Pillows','1103150000',3,'1'),('1103150400','White Noise Machines','1103150000',4,'1'),('1103160000','Tanning Beds','1103000000',16,'1'),('1103170000','Vision Care','1103000000',17,'1'),('1103170100','Contact Lens Care','1103170000',1,'1'),('1103170200','Contact Lenses','1103170000',2,'1'),('1103170300','Eye Drops & Lubricants','1103170000',3,'1'),('1103170400','Eye Glass Accessories','1103170000',4,'1'),('1103170500','Eye Glass Lenses','1103170000',5,'1'),('1103170600','Eye Glasses','1103170000',6,'1'),('111','Trainings',NULL,13,'2'),('112','VIP Activities',NULL,4,'2'),('113','World\'s Fairs',NULL,7,'2'),('1200000000','Home & Garden',NULL,12,'1'),('1201000000','Bathroom Accessories','1200000000',1,'1'),('1201010000','Bath Caddies','1201000000',1,'1'),('1201020000','Bath Mats & Rugs','1201000000',2,'1'),('1201030000','Bath Pillows','1201000000',3,'1'),('1201040000','Facial Tissue Holders','1201000000',4,'1'),('1201050000','Hand Dryers','1201000000',5,'1'),('1201060000','Medicine Cabinets','1201000000',6,'1'),('1201070000','Shower Curtain Rings','1201000000',7,'1'),('1201080000','Shower Curtains','1201000000',8,'1'),('1201090000','Soap & Lotion Dispensers','1201000000',9,'1'),('1201100000','Soap Dishes','1201000000',10,'1'),('1201110000','Toilet Brushes','1201000000',11,'1'),('1201120000','Toilet Paper Holders','1201000000',12,'1'),('1201130000','Toothbrush Holders','1201000000',13,'1'),('1201140000','Towel Racks & Holders','1201000000',14,'1'),('1202000000','Decor','1200000000',2,'1'),('1202010000','Address Signs','1202000000',1,'1'),('1202020000','Artificial Flora','1202000000',2,'1'),('1202020100','Artificial Flowers','1202020000',1,'1'),('1202020200','Artificial Plants','1202020000',2,'1'),('1202020300','Artificial Topiaries','1202020000',3,'1'),('1202020400','Artificial Trees','1202020000',4,'1'),('1202030000','Artificial Food','1202000000',3,'1'),('1202040000','Baskets','1202000000',4,'1'),('1202050000','Bird Baths','1202000000',5,'1'),('1202060000','Bird Feeder Accessories','1202000000',6,'1'),('1202070000','Bird Feeders','1202000000',7,'1'),('1202080000','Birdhouses','1202000000',8,'1'),('1202090000','Bookends','1202000000',9,'1'),('1202100000','Candle & Oil Warmers','1202000000',10,'1'),('1202110000','Candle Holders','1202000000',11,'1'),('1202120000','Candles','1202000000',12,'1'),('1202130000','Chair & Sofa Cushions','1202000000',13,'1'),('1202140000','Clocks','1202000000',14,'1'),('1202140100','Alarm Clocks','1202140000',1,'1'),('1202140200','Grandfather Clocks','1202140000',2,'1'),('1202140300','wall clocks','1202140000',3,'1'),('1202150000','Coat & Hat Racks','1202000000',15,'1'),('1202160000','Decorative Bottles','1202000000',16,'1'),('1202170000','Decorative Bowls','1202000000',17,'1'),('1202180000','Decorative Plates','1202000000',18,'1'),('1202190000','Decorative Trays','1202000000',19,'1'),('1202200000','Door Mats','1202000000',20,'1'),('1202210000','Figurines','1202000000',21,'1'),('1202220000','Flags & Windsocks','1202000000',22,'1'),('1202230000','Flameless Candles','1202000000',23,'1'),('1202240000','Fountains & Ponds','1202000000',24,'1'),('1202240100','Fountain & Pond Accessories','1202240000',1,'1'),('1202240200','Fountains','1202240000',2,'1'),('1202240300','Indoor Fountains','1202240000',3,'1'),('1202240400','Outdoor Fountains','1202240000',4,'1'),('1202240500','Ponds','1202240000',5,'1'),('1202250000','Garden & Stepping Stones','1202000000',25,'1'),('1202260000','Garden Sculptures','1202000000',26,'1'),('1202270000','Gazing Globes','1202000000',27,'1'),('1202280000','Home Fragrances','1202000000',28,'1'),('1202280100','Air Fresheners','1202280000',1,'1'),('1202280200','Fragrance Oil','1202280000',2,'1'),('1202280300','Incense','1202280000',3,'1'),('1202280400','Incense Holders','1202280000',4,'1'),('1202280500','Potpourri','1202280000',5,'1'),('1202290000','Lawn Ornaments','1202000000',29,'1'),('1202300000','Mailbox Accessories','1202000000',30,'1'),('1202300100','Mailbox Mounting Brackets','1202300000',1,'1'),('1202300200','Mailbox Posts','1202300000',2,'1'),('1202310000','Mailboxes','1202000000',31,'1'),('1202320000','Mirrors','1202000000',32,'1'),('1202330000','Music Boxes','1202000000',33,'1'),('1202340000','Napkin Rings','1202000000',34,'1'),('1202350000','Novelty Signs','1202000000',35,'1'),('1202360000','Picture Frames','1202000000',36,'1'),('1202360100','Digital Picture Frames','1202360000',1,'1'),('1202360200','Poster Frames','1202360000',2,'1'),('1202370000','Piggy Banks & Money Jars','1202000000',37,'1'),('1202380000','Plaques','1202000000',38,'1'),('1202390000','Rain Chains','1202000000',39,'1'),('1202400000','Rain Gauges','1202000000',40,'1'),('1202410000','Refrigerator Magnets','1202000000',41,'1'),('1202420000','Rugs','1202000000',42,'1'),('1202430000','Seasonal & Holiday Decorations','1202000000',43,'1'),('1202430100','Advent Calendars','1202430000',1,'1'),('1202430200','Christmas Tree Skirts','1202430000',2,'1'),('1202430300','Christmas Tree Stands','1202430000',3,'1'),('1202430400','Holiday Ornament Displays','1202430000',4,'1'),('1202430500','Holiday Ornaments','1202430000',5,'1'),('1202430600','Holiday Stocking Hangers','1202430000',6,'1'),('1202430700','Holiday Stockings','1202430000',7,'1'),('1202430800','Nativity Sets','1202430000',8,'1'),('1202430900','Ornament Storage Containers','1202430000',9,'1'),('1202440000','Shadow Boxes','1202000000',44,'1'),('1202450000','Slipcovers','1202000000',45,'1'),('1202460000','Snow Globes','1202000000',46,'1'),('1202470000','Sundials','1202000000',47,'1'),('1202480000','Throw Pillows','1202000000',48,'1'),('1202490000','Vases','1202000000',49,'1'),('1202500000','Wall & Window Decals','1202000000',50,'1'),('1202510000','Wall Shelves & Ledges','1202000000',51,'1'),('1202520000','Wax Tarts','1202000000',52,'1'),('1202530000','Weather Vanes & Roof Decor','1202000000',53,'1'),('1202540000','Wind Chimes','1202000000',54,'1'),('1202550000','Window Magnets','1202000000',55,'1'),('1202560000','Window Treatment Accessories','1202000000',56,'1'),('1202560100','Curtain & Drape Rings','1202560000',1,'1'),('1202560200','Curtain & Drape Rods','1202560000',2,'1'),('1202560300','Curtain Holdbacks & Tassels','1202560000',3,'1'),('1202570000','Window Treatments','1202000000',57,'1'),('1202570100','Curtains & Drapes','1202570000',1,'1'),('1202570200','Stained Glass Panels','1202570000',2,'1'),('1202570300','Window Blinds & Shades','1202570000',3,'1'),('1202570400','Window Films','1202570000',4,'1'),('1202570500','Window Screens','1202570000',5,'1'),('1202570600','Window Valances & Cornices','1202570000',6,'1'),('1202580000','Windwheels','1202000000',58,'1'),('1202590000','World Globes','1202000000',59,'1'),('1202600000','Wreaths & Garlands','1202000000',60,'1'),('1203000000','Emergency Preparedness','1200000000',3,'1'),('1203010000','Earthquake Alarms','1203000000',1,'1'),('1203020000','Emergency Food','1203000000',2,'1'),('1203030000','Furniture Anchors','1203000000',3,'1'),('1204000000','Fire & Gas Safety','1200000000',4,'1'),('1204010000','Carbon Monoxide Detectors','1204000000',1,'1'),('1204020000','Fire Alarms','1204000000',2,'1'),('1204030000','Fire Extinguisher Cabinets','1204000000',3,'1'),('1204040000','Fire Extinguishers','1204000000',4,'1'),('1204050000','Fire Sprinklers','1204000000',5,'1'),('1204060000','Radon Detectors','1204000000',6,'1'),('1204070000','Smoke Detectors','1204000000',7,'1'),('1205000000','Fireplace & Wood Stove Accessories','1200000000',5,'1'),('1205010000','Bellows','1205000000',1,'1'),('1205020000','Fireplace & Wood Stove Grates','1205000000',2,'1'),('1205030000','Fireplace Screens','1205000000',3,'1'),('1205040000','Fireplace Tools','1205000000',4,'1'),('1205050000','Firewood & Fuel','1205000000',5,'1'),('1205060000','Log & Wood Racks','1205000000',6,'1'),('1205070000','Wood Stove Fans & Blowers','1205000000',7,'1'),('1206000000','Fireplaces','1200000000',6,'1'),('1206010000','Indoor Fireplaces','1206000000',1,'1'),('1206020000','Outdoor Fireplaces','1206000000',2,'1'),('1207000000','Home Security','1200000000',7,'1'),('1207010000','Dummy Surveillance Cameras','1207000000',1,'1'),('1207020000','Home Alarm Systems','1207000000',2,'1'),('1207030000','Motion Sensors','1207000000',3,'1'),('1207040000','Security Lights','1207000000',4,'1'),('1207050000','Security Monitors & Recorders','1207000000',5,'1'),('1207060000','Security Safes','1207000000',6,'1'),('1207070000','Security System Sensors','1207000000',7,'1'),('1207080000','Tracking Devices','1207000000',8,'1'),('1208000000','Household Appliance Accessories','1200000000',8,'1'),('1208010000','Air Conditioner Accessories','1208000000',1,'1'),('1208010100','Air Conditioner Covers','1208010000',1,'1'),('1208010200','Air Conditioner Filters','1208010000',2,'1'),('1208020000','Air Purifier Accessories','1208000000',2,'1'),('1208030000','Carpet & Steam Cleaner Accessories','1208000000',3,'1'),('1208040000','Dehumidifier Accessories','1208000000',4,'1'),('1208050000','Fan Accessories','1208000000',5,'1'),('1208060000','Furnace & Boiler Accessories','1208000000',6,'1'),('1208070000','Humidifier Accessories','1208000000',7,'1'),('1208080000','Laundry Appliance Accessories','1208000000',8,'1'),('1208080100','Dryer Accessories','1208080000',1,'1'),('1208080200','Garment Steamer Accessories','1208080000',2,'1'),('1208080300','Iron Accessories','1208080000',3,'1'),('1208080400','Steam Press Accessories','1208080000',4,'1'),('1208080500','Washing Machine Accessories','1208080000',5,'1'),('1208090000','Patio Heater Accessories','1208000000',9,'1'),('1208100000','Sewing Machine Accessories','1208000000',10,'1'),('1208100100','Bobbins & Bobbin Cases','1208100000',1,'1'),('1208100200','Sewing Machine Cases & Covers','1208100000',2,'1'),('1208100300','Sewing Machine Feet','1208100000',3,'1'),('1208100400','Sewing Machine Needles','1208100000',4,'1'),('1208110000','Vacuum Accessories','1208000000',11,'1'),('1208110100','Vacuum Attachments','1208110000',1,'1'),('1208110200','Vacuum Bags','1208110000',2,'1'),('1208110300','Vacuum Belts','1208110000',3,'1'),('1208110400','Vacuum Filters','1208110000',4,'1'),('1208110500','Vacuum Hoses','1208110000',5,'1'),('1208120000','Water Heater Accessories','1208000000',12,'1'),('1208120100','Anode Rods','1208120000',1,'1'),('1208120200','Hot Water Cylinders','1208120000',2,'1'),('1208120300','Water Heater Elements','1208120000',3,'1'),('1208120400','Water Heater Pans','1208120000',4,'1'),('1208120500','Water Heater Stacks','1208120000',5,'1'),('1208120600','Water Heater Vents','1208120000',6,'1'),('1209000000','Household Appliances','1200000000',9,'1'),('1209010000','Carpet & Steam Cleaners','1209000000',1,'1'),('1209020000','Climate Control Appliances','1209000000',2,'1'),('1209020100','Air Conditioners','1209020000',1,'1'),('1209020200','Air Purifiers','1209020000',2,'1'),('1209020300','Dehumidifiers','1209020000',3,'1'),('1209020400','Evaporative Coolers','1209020000',4,'1'),('1209020500','Fans','1209020000',5,'1'),('1209020600','Furnaces & Boilers','1209020000',6,'1'),('1209020700','Heating Radiators','1209020000',7,'1'),('1209020800','Humidifiers','1209020000',8,'1'),('1209020900','Kotatsu','1209020000',9,'1'),('1209021000','Outdoor Misting Systems','1209020000',10,'1'),('1209021100','Patio Heaters','1209020000',11,'1'),('1209021200','Space Heaters','1209020000',12,'1'),('1209030000','Floor Polishers & Buffers','1209000000',3,'1'),('1209040000','Futon Dryers','1209000000',4,'1'),('1209050000','Garage Door Openers','1209000000',5,'1'),('1209060000','Garage Door Remotes','1209000000',6,'1'),('1209070000','Garage Parking Sensors','1209000000',7,'1'),('1209080000','Home Automation','1209000000',8,'1'),('1209090000','Laundry Appliances','1209000000',9,'1'),('1209090100','Dryers','1209090000',1,'1'),('1209090200','Garment Steamers','1209090000',2,'1'),('1209090300','Irons','1209090000',3,'1'),('1209090400','Laundry Combo Units','1209090000',4,'1'),('1209090500','Laundry Washers','1209090000',5,'1'),('1209090600','Steam Presses','1209090000',6,'1'),('1209100000','Sewing Machines','1209000000',10,'1'),('1209110000','Vacuums','1209000000',11,'1'),('1209120000','Water Heaters','1209000000',12,'1'),('1210000000','Household Supplies','1200000000',10,'1'),('1210010000','Garbage Bags','1210000000',1,'1'),('1210020000','Household Cleaning Supplies','1210000000',2,'1'),('1210020100','Broom & Mop Handles','1210020000',1,'1'),('1210020200','Brooms','1210020000',2,'1'),('1210020300','Buckets','1210020000',3,'1'),('1210020400','Carpet Sweepers','1210020000',4,'1'),('1210020500','Cleaning Gloves','1210020000',5,'1'),('1210020600','Duster Refills','1210020000',6,'1'),('1210020700','Dusters','1210020000',7,'1'),('1210020800','Dustpans','1210020000',8,'1'),('1210020900','Fabric & Upholstery Protectors','1210020000',9,'1'),('1210021000','Household Cleaning Products','1210020000',10,'1'),('1210021100','Mop Heads & Refills','1210020000',11,'1'),('1210021200','Mops','1210020000',12,'1'),('1210021300','Scrub Brushes','1210020000',13,'1'),('1210021400','Sponges & Scouring Pads','1210020000',14,'1'),('1210021500','Squeegees','1210020000',15,'1'),('1210030000','Household Paper Products','1210000000',3,'1'),('1210030100','Facial Tissues','1210030000',1,'1'),('1210030200','Paper Napkins','1210030000',2,'1'),('1210030300','Paper Towels','1210030000',3,'1'),('1210030400','Toilet Paper','1210030000',4,'1'),('1210040000','Household Thermometers','1210000000',4,'1'),('1210050000','Laundry Supplies','1210000000',5,'1'),('1210050100','Bleach','1210050000',1,'1'),('1210050200','Clothespins','1210050000',2,'1'),('1210050300','Drying Racks & Hangers','1210050000',3,'1'),('1210050400','Fabric Refreshers','1210050000',4,'1'),('1210050500','Fabric Shavers','1210050000',5,'1'),('1210050600','Fabric Softeners & Dryer Sheets','1210050000',6,'1'),('1210050700','Fabric Stain Removers','1210050000',7,'1'),('1210050800','Fabric Starch','1210050000',8,'1'),('1210050900','Ironing Board Pads & Covers','1210050000',9,'1'),('1210051000','Ironing Boards','1210050000',10,'1'),('1210051100','Laundry Balls','1210050000',11,'1'),('1210051200','Laundry Baskets','1210050000',12,'1'),('1210051300','Laundry Detergent','1210050000',13,'1'),('1210051400','Lint Rollers','1210050000',14,'1'),('1210051500','Washing Bags & Baskets','1210050000',15,'1'),('1210060000','Pest Control','1210000000',6,'1'),('1210060100','Fly Swatters','1210060000',1,'1'),('1210060200','Pest Control Traps','1210060000',2,'1'),('1210060300','Pesticides','1210060000',3,'1'),('1210060400','Repellents','1210060000',4,'1'),('1210070000','Rug Pads','1210000000',7,'1'),('1210080000','Shoe Care & Tools','1210000000',8,'1'),('1210080100','Boot Pulls','1210080000',1,'1'),('1210080200','Shoe Bags','1210080000',2,'1'),('1210080300','Shoe Brushes','1210080000',3,'1'),('1210080400','Shoe Dryers','1210080000',4,'1'),('1210080500','Shoe Horns','1210080000',5,'1'),('1210080600','Shoe Polishes & Waxes','1210080000',6,'1'),('1210080700','Shoe Treatments & Dyes','1210080000',7,'1'),('1210080800','Shoe Trees & Shapers','1210080000',8,'1'),('1210090000','Storage & Organization','1210000000',9,'1'),('1210090100','Charging Valets','1210090000',1,'1'),('1210090200','Clothing & Closet Storage','1210090000',2,'1'),('1210090300','Dresser Valets','1210090000',3,'1'),('1210090400','Flatware Chests','1210090000',4,'1'),('1210090500','Household Storage Bags','1210090000',5,'1'),('1210090600','Household Storage Containers','1210090000',6,'1'),('1210090700','Photo Storage','1210090000',7,'1'),('1210090800','Pillboxes','1210090000',8,'1'),('1210090900','Storage Hooks & Racks','1210090000',9,'1'),('1210091000','Umbrella Stands & Racks','1210090000',10,'1'),('1210091100','Utility Baskets','1210090000',11,'1'),('1210091200','Valets','1210090000',12,'1'),('1210100000','Trash Compactor Accessories','1210000000',10,'1'),('1210110000','Waste Containment','1210000000',11,'1'),('1210110100','Hazardous Waste Containers','1210110000',1,'1'),('1210110200','Recycling Containers','1210110000',2,'1'),('1210110300','Trash Cans & Wastebaskets','1210110000',3,'1'),('1210110400','Waste Container Lids','1210110000',4,'1'),('1210120000','Waste Containment Accessories','1210000000',12,'1'),('1210120100','Waste Container Carts','1210120000',1,'1'),('1210120200','Waste Container Frames','1210120000',2,'1'),('1210120300','Waste Container Wheels','1210120000',3,'1'),('1211000000','Kitchen & Dining','1200000000',11,'1'),('1211010000','Barware','1211000000',1,'1'),('1211010100','Beer Taps','1211010000',1,'1'),('1211010200','Bottle Stoppers & Savers','1211010000',2,'1'),('1211010300','Coasters','1211010000',3,'1'),('1211010400','Corkscrews','1211010000',4,'1'),('1211010500','Decanters','1211010000',5,'1'),('1211010600','Drink Shakers & Tools','1211010000',6,'1'),('1211010700','Ice Buckets','1211010000',7,'1'),('1211010800','Wine Aerators','1211010000',8,'1'),('1211020000','Cookware & Bakeware','1211000000',2,'1'),('1211020100','Bakeware','1211020000',1,'1'),('1211020200','Bakeware Accessories','1211020000',2,'1'),('1211020300','Cookware','1211020000',3,'1'),('1211020400','Cookware & Bakeware Combo Sets','1211020000',4,'1'),('1211020500','Cookware Accessories','1211020000',5,'1'),('1211030000','Food & Beverage Carriers','1211000000',3,'1'),('1211030100','Airpots','1211030000',1,'1'),('1211030200','Canteens','1211030000',2,'1'),('1211030300','Coolers','1211030000',3,'1'),('1211030400','Drink Lids','1211030000',4,'1'),('1211030500','Drink Sleeves','1211030000',5,'1'),('1211030600','Flasks','1211030000',6,'1'),('1211030700','Insulated Bags','1211030000',7,'1'),('1211030800','Lunch Boxes & Totes','1211030000',8,'1'),('1211030900','Picnic Baskets','1211030000',9,'1'),('1211031000','Thermoses','1211030000',10,'1'),('1211031100','Water Bottles','1211030000',11,'1'),('1211031200','Wine Buckets & Chillers','1211030000',12,'1'),('1211031300','Wine Carrier Bags','1211030000',13,'1'),('1211040000','Food Storage','1211000000',4,'1'),('1211040100','Bowl Covers','1211040000',1,'1'),('1211040200','Bread Boxes','1211040000',2,'1'),('1211040300','Candy Buckets','1211040000',3,'1'),('1211040400','Cookie Jars','1211040000',4,'1'),('1211040500','Food Storage Bags','1211040000',5,'1'),('1211040600','Food Storage Containers','1211040000',6,'1'),('1211040700','Food Wraps','1211040000',7,'1'),('1211040800','Honey Jars','1211040000',8,'1'),('1211040900','Twist Ties & Bag Clips','1211040000',9,'1'),('1211050000','Food Storage Accessories','1211000000',5,'1'),('1211060000','Kitchen Appliance Accessories','1211000000',6,'1'),('1211060100','Blender Accessories','1211060000',1,'1'),('1211060200','Breadmaker Accessories','1211060000',2,'1'),('1211060300','Coffee Maker & Espresso Machine Accessories','1211060000',3,'1'),('1211060400','Cooktop Accessories','1211060000',4,'1'),('1211060500','Cotton Candy Machine Accessories','1211060000',5,'1'),('1211060600','Deep Fryer Accessories','1211060000',6,'1'),('1211060700','Dishwasher Accessories','1211060000',7,'1'),('1211060800','Food Dehydrator Accessories','1211060000',8,'1'),('1211060900','Food Grinder Accessories','1211060000',9,'1'),('1211061000','Food Mixer Accessories','1211060000',10,'1'),('1211061100','Food Processor Accessories','1211060000',11,'1'),('1211061200','Garbage Disposal Accessories','1211060000',12,'1'),('1211061300','Ice Cream Maker Accessories','1211060000',13,'1'),('1211061400','Ice Shaver Accessories','1211060000',14,'1'),('1211061500','Juicer Accessories','1211060000',15,'1'),('1211061600','Microwave Oven Accessories','1211060000',16,'1'),('1211061700','Outdoor Grill Accessories','1211060000',17,'1'),('1211061800','Oven Accessories','1211060000',18,'1'),('1211061900','Pasta Maker Accessories','1211060000',19,'1'),('1211062000','Popcorn Maker Accessories','1211060000',20,'1'),('1211062100','Range Accessories','1211060000',21,'1'),('1211062200','Refrigerator Accessories','1211060000',22,'1'),('1211062300','Vacuum Sealer Accessories','1211060000',23,'1'),('1211062400','Yogurt Maker Accessories','1211060000',24,'1'),('1211070000','Kitchen Appliances','1211000000',7,'1'),('1211070100','Beverage Warmers','1211070000',1,'1'),('1211070200','Blenders','1211070000',2,'1'),('1211070300','Breadmakers','1211070000',3,'1'),('1211070400','Chocolate Tempering Machines','1211070000',4,'1'),('1211070500','Coffee Makers & Espresso Machines','1211070000',5,'1'),('1211070600','Cooktops','1211070000',6,'1'),('1211070700','Cotton Candy Machines','1211070000',7,'1'),('1211070800','Crêpe Makers','1211070000',8,'1'),('1211070900','Deep Fryers','1211070000',9,'1'),('1211071000','Dishwashers','1211070000',10,'1'),('1211071100','Electric Griddles','1211070000',11,'1'),('1211071200','Electric Kettles','1211070000',12,'1'),('1211071300','Electric Skillets & Woks','1211070000',13,'1'),('1211071400','Fondue Sets','1211070000',14,'1'),('1211071500','Food Cookers & Steamers','1211070000',15,'1'),('1211071600','Food Dehydrators','1211070000',16,'1'),('1211071700','Food Grinders & Mills','1211070000',17,'1'),('1211071800','Food Mixers','1211070000',18,'1'),('1211071900','Food Processors','1211070000',19,'1'),('1211072000','Food Slicers','1211070000',20,'1'),('1211072100','Food Warmers','1211070000',21,'1'),('1211072200','Freezers','1211070000',22,'1'),('1211072300','Garbage Disposals','1211070000',23,'1'),('1211072400','Gas Griddles','1211070000',24,'1'),('1211072500','Hot Drink Makers','1211070000',25,'1'),('1211072600','Hot Plates','1211070000',26,'1'),('1211072700','Ice Cream Makers','1211070000',27,'1'),('1211072800','Ice Makers','1211070000',28,'1'),('1211072900','Ice Shavers','1211070000',29,'1'),('1211073000','Juicers','1211070000',30,'1'),('1211073100','Knife Sharpeners','1211070000',31,'1'),('1211073200','Microwave Ovens','1211070000',32,'1'),('1211073300','Milk Frothers & Steamers','1211070000',33,'1'),('1211073400','Mochi Makers','1211070000',34,'1'),('1211073500','Outdoor Grills','1211070000',35,'1'),('1211073600','Ovens','1211070000',36,'1'),('1211073700','Pasta Makers','1211070000',37,'1'),('1211073800','Popcorn Makers','1211070000',38,'1'),('1211073900','Portable Cooking Stoves','1211070000',39,'1'),('1211074000','Range Hoods','1211070000',40,'1'),('1211074100','Ranges','1211070000',41,'1'),('1211074200','Refrigerators','1211070000',42,'1'),('1211074300','Roaster Ovens & Rotisseries','1211070000',43,'1'),('1211074400','Slush Machines','1211070000',44,'1'),('1211074500','Smokers','1211070000',45,'1'),('1211074600','Soda Makers','1211070000',46,'1'),('1211074700','Soy Milk Makers','1211070000',47,'1'),('1211074800','Tea Makers','1211070000',48,'1'),('1211074900','Toasters & Grills','1211070000',49,'1'),('1211075000','Trash Compactors','1211070000',50,'1'),('1211075100','Vacuum Sealers','1211070000',51,'1'),('1211075200','Water Coolers','1211070000',52,'1'),('1211075300','Water Filters','1211070000',53,'1'),('1211075400','Wine Coolers','1211070000',54,'1'),('1211075500','Yogurt Makers','1211070000',55,'1'),('1211080000','Kitchen Tools & Utensils','1211000000',8,'1'),('1211080100','Baking Peels','1211080000',1,'1'),('1211080200','Basters','1211080000',2,'1'),('1211080300','Basting Brushes','1211080000',3,'1'),('1211080400','Cake Decorating Supplies','1211080000',4,'1'),('1211080500','Cake Servers','1211080000',5,'1'),('1211080600','Can Crushers','1211080000',6,'1'),('1211080700','Can Openers','1211080000',7,'1'),('1211080800','Candy & Chocolate Molds','1211080000',8,'1'),('1211080900','Carving Forks','1211080000',9,'1'),('1211081000','Channel Knives','1211080000',10,'1'),('1211081100','Citrus Reamers','1211080000',11,'1'),('1211081200','Colanders & Strainers','1211080000',12,'1'),('1211081300','Condiment Dispensers','1211080000',13,'1'),('1211081400','Cookie Cutters','1211080000',14,'1'),('1211081500','Cookie Presses','1211080000',15,'1'),('1211081600','Cooking Thermometers','1211080000',16,'1'),('1211081700','Cooking Timers','1211080000',17,'1'),('1211081800','Cooking Torches','1211080000',18,'1'),('1211081900','Cooling Racks','1211080000',19,'1'),('1211082000','Cutting Boards','1211080000',20,'1'),('1211082100','Dicers & Choppers','1211080000',21,'1'),('1211082200','Dish Racks & Drain Boards','1211080000',22,'1'),('1211082300','Dough Wheels','1211080000',23,'1'),('1211082400','Electric Knife Accessories','1211080000',24,'1'),('1211082500','Electric Knives','1211080000',25,'1'),('1211082600','Flour Sifters','1211080000',26,'1'),('1211082700','Food Crackers','1211080000',27,'1'),('1211082800','Food Dispensers','1211080000',28,'1'),('1211082900','Food Graters & Zesters','1211080000',29,'1'),('1211083000','Food Peelers','1211080000',30,'1'),('1211083100','Food Sticks & Skewers','1211080000',31,'1'),('1211083200','Garlic Presses','1211080000',32,'1'),('1211083300','Gelatin Molds','1211080000',33,'1'),('1211083400','Ice Cube Trays','1211080000',34,'1'),('1211083500','Ice Pop Molds','1211080000',35,'1'),('1211083600','Kitchen Knives','1211080000',36,'1'),('1211083700','Kitchen Organizers','1211080000',37,'1'),('1211083800','Kitchen Scales','1211080000',38,'1'),('1211083900','Kitchen Scrapers','1211080000',39,'1'),('1211084000','Kitchen Shears','1211080000',40,'1'),('1211084100','Kitchen Slicers','1211080000',41,'1'),('1211084200','Kitchen Utensil Sets','1211080000',42,'1'),('1211084300','Ladles','1211080000',43,'1'),('1211084400','Mashers','1211080000',44,'1'),('1211084500','Measuring Cups & Spoons','1211080000',45,'1'),('1211084600','Meat Tenderizers','1211080000',46,'1'),('1211084700','Mixing Bowls','1211080000',47,'1'),('1211084800','Mortars & Pestles','1211080000',48,'1'),('1211084900','Oil & Vinegar Dispensers','1211080000',49,'1'),('1211085000','Oven Bags','1211080000',50,'1'),('1211085100','Oven Mitts & Pot Holders','1211080000',51,'1'),('1211085200','Pasta Molds & Stamps','1211080000',52,'1'),('1211085300','Pastry Blenders','1211080000',53,'1'),('1211085400','Pastry Cloths','1211080000',54,'1'),('1211085500','Pizza Cutters','1211080000',55,'1'),('1211085600','Potato Cutters','1211080000',56,'1'),('1211085700','Ricers','1211080000',57,'1'),('1211085800','Rolling Pin Accessories','1211080000',58,'1'),('1211085900','Rolling Pins','1211080000',59,'1'),('1211086000','Salad Dressing Mixers & Shakers','1211080000',60,'1'),('1211086100','Salad Spinners','1211080000',61,'1'),('1211086200','Scoops','1211080000',62,'1'),('1211086300','Sink Caddies','1211080000',63,'1'),('1211086400','Sink Mats & Grids','1211080000',64,'1'),('1211086500','Slotted Spoons','1211080000',65,'1'),('1211086600','Spatulas','1211080000',66,'1'),('1211086700','Spoon Rests','1211080000',67,'1'),('1211086800','Tea Strainers','1211080000',68,'1'),('1211086900','Tongs','1211080000',69,'1'),('1211087000','Whisks','1211080000',70,'1'),('1211090000','Tableware','1211000000',9,'1'),('1211090100','Coffee & Tea Pots','1211090000',1,'1'),('1211090200','Coffee & Tea Sets','1211090000',2,'1'),('1211090300','Dinnerware','1211090000',3,'1'),('1211090400','Drinkware','1211090000',4,'1'),('1211090500','Flatware','1211090000',5,'1'),('1211090600','Salt & Pepper Shakers','1211090000',6,'1'),('1211090700','Serveware','1211090000',7,'1'),('1211090800','Serveware Accessories','1211090000',8,'1'),('1211090900','Trivets','1211090000',9,'1'),('1212000000','Lawn & Garden','1200000000',12,'1'),('1212010000','Gardening','1212000000',1,'1'),('1212010100','Gardening','1212010000',1,'1'),('1212010200','Disease Control','1212010000',2,'1'),('1212010300','Fertilizers','1212010000',3,'1'),('1212010400','Gardening Accessories','1212010000',4,'1'),('1212010500','Gardening Tools','1212010000',5,'1'),('1212010600','Greenhouses','1212010000',6,'1'),('1212010700','Herbicides','1212010000',7,'1'),('1212010800','Landscape Fabric','1212010000',8,'1'),('1212010900','Lanscape Fabric Accessories','1212010000',9,'1'),('1212011000','Mulch','1212010000',10,'1'),('1212011100','Plant Cages','1212010000',11,'1'),('1212011200','Plant Stands','1212010000',12,'1'),('1212011300','Pots & Planters','1212010000',13,'1'),('1212011400','Rain Barrels','1212010000',14,'1'),('1212011500','Sands & Soils','1212010000',15,'1'),('1212020000','Outdoor Living','1212000000',2,'1'),('1212020100','Hammock Accessories','1212020000',1,'1'),('1212020200','Hammocks','1212020000',2,'1'),('1212020300','Outdoor Blankets','1212020000',3,'1'),('1212020400','Outdoor Structures','1212020000',4,'1'),('1212020500','Outdoor Umbrella & Sunshade Accessories','1212020000',5,'1'),('1212020600','Outdoor Umbrella Bases','1212020000',6,'1'),('1212020700','Outdoor Umbrellas & Sunshades','1212020000',7,'1'),('1212020800','Porch Swings','1212020000',8,'1'),('1212030000','Outdoor Power Equipment','1212000000',3,'1'),('1212030100','Chainsaws','1212030000',1,'1'),('1212030200','Hedge Trimmers','1212030000',2,'1'),('1212030300','Lawn Mowers','1212030000',3,'1'),('1212030400','Lawn Vacuums','1212030000',4,'1'),('1212030500','Leaf Blowers','1212030000',5,'1'),('1212030600','Power Tillers & Cultivators','1212030000',6,'1'),('1212030700','Pressure Washers','1212030000',7,'1'),('1212030800','Snow Blowers','1212030000',8,'1'),('1212030900','Tractors','1212030000',9,'1'),('1212031000','Weed Trimmers','1212030000',10,'1'),('1212040000','Outdoor Power Equipment Accessories','1212000000',4,'1'),('1212040100','Chainsaw Accessories','1212040000',1,'1'),('1212040200','Lawn Mower Accessories','1212040000',2,'1'),('1212040300','Pressure Washer Accessories','1212040000',3,'1'),('1212040400','Snow Blower Accessories','1212040000',4,'1'),('1212040500','Tractor Parts & Accessories','1212040000',5,'1'),('1212050000','Snow Removal','1212000000',5,'1'),('1212050100','Ice Scrapers','1212050000',1,'1'),('1212050200','Snow Shovels','1212050000',2,'1'),('1212060000','Watering & Irrigation','1212000000',6,'1'),('1212060100','Garden Hose Fittings & Valves','1212060000',1,'1'),('1212060200','Garden Hose Spray Nozzles','1212060000',2,'1'),('1212060300','Garden Hoses','1212060000',3,'1'),('1212060400','Sprinkler Accessories','1212060000',4,'1'),('1212060500','Sprinklers','1212060000',5,'1'),('1212060600','Watering Cans','1212060000',6,'1'),('1213000000','Lighting','1200000000',13,'1'),('1213010000','Book Lights','1213000000',1,'1'),('1213020000','Emergency Lighting','1213000000',2,'1'),('1213030000','Flood Lights','1213000000',3,'1'),('1213040000','Lamps','1213000000',4,'1'),('1213040100','Floor Lamps','1213040000',1,'1'),('1213040200','Table Lamps','1213040000',2,'1'),('1213050000','Landscape Lighting','1213000000',5,'1'),('1213060000','Light Bulbs','1213000000',6,'1'),('1213060100','Compact Fluorescent Lamps','1213060000',1,'1'),('1213060200','Fluorescent Tubes','1213060000',2,'1'),('1213060300','Incandescent Light Bulbs','1213060000',3,'1'),('1213060400','LED Light Bulbs','1213060000',4,'1'),('1213070000','Light Ropes & Strings','1213000000',7,'1'),('1213080000','Lighting Fixtures','1213000000',8,'1'),('1213080100','Ceiling Light Fixtures','1213080000',1,'1'),('1213080200','Chandeliers','1213080000',2,'1'),('1213080300','Under Cabinet Light Fixtures','1213080000',3,'1'),('1213080400','Wall Light Fixtures','1213080000',4,'1'),('1213080500','Wall Sconces','1213080000',5,'1'),('1213090000','Night Lights','1213000000',9,'1'),('1213100000','Picture Lights','1213000000',10,'1'),('1213110000','Track Lighting','1213000000',11,'1'),('1213110100','Track Lighting Accessories','1213110000',1,'1'),('1213110200','Track Lighting Fixtures','1213110000',2,'1'),('1213110300','Track Lighting Rails','1213110000',3,'1'),('1214000000','Lighting Accessories','1200000000',14,'1'),('1214010000','Lamp Shades','1214000000',1,'1'),('1214020000','Lighting Timers','1214000000',2,'1'),('1215000000','Linens & Bedding','1200000000',15,'1'),('1215010000','Bedding','1215000000',1,'1'),('1215010100','Bed Sheets','1215010000',1,'1'),('1215010200','Bedskirts','1215010000',2,'1'),('1215010300','Blankets','1215010000',3,'1'),('1215010400','Comforters & Comforter Sets','1215010000',4,'1'),('1215010500','Duvet Covers','1215010000',5,'1'),('1215010600','Mattress Protectors','1215010000',6,'1'),('1215010700','Nap Mats','1215010000',7,'1'),('1215010800','Pillowcases & Shams','1215010000',8,'1'),('1215010900','Pillows','1215010000',9,'1'),('1215011000','Quilts & Quilt Sets','1215010000',10,'1'),('1215020000','Doilies','1215000000',2,'1'),('1215030000','Table Linens','1215000000',3,'1'),('1215030100','Cloth Napkins','1215030000',1,'1'),('1215030200','Placemats','1215030000',2,'1'),('1215030300','Table Runners','1215030000',3,'1'),('1215030400','Table Skirts','1215030000',4,'1'),('1215030500','Tablecloths','1215030000',5,'1'),('1215040000','Towels','1215000000',4,'1'),('1215040100','Bath Towels & Washcloths','1215040000',1,'1'),('1215040200','Beach Towels','1215040000',2,'1'),('1215040300','Kitchen Towels','1215040000',3,'1'),('1215050000','Parasols & Rain Umbrellas','1215000000',5,'1'),('1215060000','Plants','1215000000',6,'1'),('1215060100','Aquatic Plants','1215060000',1,'1'),('1215060200','Flowers','1215060000',2,'1'),('1215060300','Indoor & Outdoor Plants','1215060000',3,'1'),('1215060400','Indoor Plants','1215060000',4,'1'),('1215060500','Outdoor Plants','1215060000',5,'1'),('1215060600','Seeds','1215060000',6,'1'),('1215060700','Trees','1215060000',7,'1'),('1216000000','Pool & Spa','1200000000',16,'1'),('1216010000','Pool & Spa Accessories','1216000000',1,'1'),('1216010100','Diving Boards','1216010000',1,'1'),('1216010200','Pool & Spa Filters','1216010000',2,'1'),('1216010300','Pool Cleaner Hoses','1216010000',3,'1'),('1216010400','Pool Cleaners & Chemicals','1216010000',4,'1'),('1216010500','Pool Covers','1216010000',5,'1'),('1216010600','Pool Floats & Lounges','1216010000',6,'1'),('1216010700','Pool Heaters','1216010000',7,'1'),('1216010800','Pool Ladders','1216010000',8,'1'),('1216010900','Pool Skimmers','1216010000',9,'1'),('1216011000','Pool Sweeps','1216010000',10,'1'),('1216011100','Pool Toys','1216010000',11,'1'),('1216011200','Pool Water Slides','1216010000',12,'1'),('1216020000','Saunas','1216000000',2,'1'),('1216030000','Spas','1216000000',3,'1'),('1216040000','Swimming Pools','1216000000',4,'1'),('1217000000','Smoking Accessories','1200000000',17,'1'),('1217010000','Ashtrays','1217000000',1,'1'),('1217020000','Lighters','1217000000',2,'1'),('1217030000','Matches','1217000000',3,'1'),('1218000000','Umbrella Sleeves & Cases','1200000000',18,'1'),('1219000000','Wood Stoves','1200000000',19,'1'),('1300000000','Luggage & Bags',NULL,13,'1'),('1301000000','Backpacks','1300000000',1,'1'),('1302000000','Business Bags','1300000000',2,'1'),('1302010000','Briefcases','1302000000',1,'1'),('1302020000','Electronics Bags & Cases','1302000000',2,'1'),('1302020100','Laptop Bags & Cases','1302020000',1,'1'),('1302020200','Tablet Computer Bags & Cases','1302020000',2,'1'),('1302030000','Garment Bags','1302000000',3,'1'),('1303000000','Diaper Bags','1300000000',3,'1'),('1304000000','Duffel Bags','1300000000',4,'1'),('1305000000','Fanny Packs','1300000000',5,'1'),('1306000000','Luggage Accessories','1300000000',6,'1'),('1306010000','Keychains','1306000000',1,'1'),('1306020000','Luggage Straps','1306000000',2,'1'),('1306030000','Luggage Tags','1306000000',3,'1'),('1306040000','Packing Organizers','1306000000',4,'1'),('1306050000','Travel Pouches','1306000000',5,'1'),('1307000000','Messenger Bags','1300000000',7,'1'),('1308000000','Shopping Totes','1300000000',8,'1'),('1309000000','Suitcases','1300000000',9,'1'),('1310000000','Toiletry Bags','1300000000',10,'1'),('1311000000','Train Cases','1300000000',11,'1'),('1312000000','Trunks','1300000000',12,'1'),('1400000000','Mature',NULL,14,'1'),('1401000000','Erotic','1400000000',1,'1'),('1401010000','Erotic Books','1401000000',1,'1'),('1401020000','Erotic Clothing','1401000000',2,'1'),('1401030000','Erotic DVDs & Videos','1401000000',3,'1'),('1401040000','Erotic Food & Edibles','1401000000',4,'1'),('1401050000','Erotic Games','1401000000',5,'1'),('1401060000','Erotic Magazines','1401000000',6,'1'),('1401070000','Erotic Shoes','1401000000',7,'1'),('1401080000','Pole Dancing Kits','1401000000',8,'1'),('1401090000','Sex Toys','1401000000',9,'1'),('1402000000','Weapons','1400000000',2,'1'),('1402010000','Brass Knuckles','1402000000',1,'1'),('1402020000','Combat Knives','1402000000',2,'1'),('1402030000','Gun Accessories','1402000000',3,'1'),('1402030100','Ammunition','1402030000',1,'1'),('1402030200','Ammunition Belts','1402030000',2,'1'),('1402030300','Ammunition Boxes','1402030000',3,'1'),('1402030400','Gun Bags & Cases','1402030000',4,'1'),('1402030500','Gun Grips','1402030000',5,'1'),('1402030600','Gun Holsters','1402030000',6,'1'),('1402030700','Gun Lights','1402030000',7,'1'),('1402030800','Gun Rails','1402030000',8,'1'),('1402040000','Guns','1402000000',4,'1'),('1402050000','Mace & Pepper Spray','1402000000',5,'1'),('1402060000','Nunchucks','1402000000',6,'1'),('1402070000','Staff & Stick Weapons','1402000000',7,'1'),('1402080000','Stun Guns & Tasers','1402000000',8,'1'),('1402090000','Swords','1402000000',9,'1'),('1402100000','Throwing Stars','1402000000',10,'1'),('1402110000','Whips','1402000000',11,'1'),('1500000000','Media',NULL,15,'1'),('1501000000','Books','1500000000',1,'1'),('1501010000','Fiction','1501000000',1,'1'),('1501010100','Children\'s Books','1501010000',1,'1'),('1501010200','Comics','1501010000',2,'1'),('1501010300','Horror Novels','1501010000',3,'1'),('1501010400','Literature','1501010000',4,'1'),('1501010500','Mystery Novels','1501010000',5,'1'),('1501010600','Romance Novels','1501010000',6,'1'),('1501010700','Science Fiction & Fantasy Novels','1501010000',7,'1'),('1501020000','Non-Fiction','1501000000',2,'1'),('1501020100','Animal & Nature Books','1501020000',1,'1'),('1501020200','Architecture Books','1501020000',2,'1'),('1501020300','Art Books','1501020000',3,'1'),('1501020400','Biographies','1501020000',4,'1'),('1501020500','Body, Mind & Spirit Books','1501020000',5,'1'),('1501020600','Business & Economics Books','1501020000',6,'1'),('1501020700','Coloring Books','1501020000',7,'1'),('1501020800','Computer Books','1501020000',8,'1'),('1501020900','Cooking Books','1501020000',9,'1'),('1501021000','Craft, Hobby & Activity Books','1501020000',10,'1'),('1501021100','Drama Books','1501020000',11,'1'),('1501021200','Education Books','1501020000',12,'1'),('1501021300','Family Relationship Books','1501020000',13,'1'),('1501021400','Game Books','1501020000',14,'1'),('1501021500','Gardening Books','1501020000',15,'1'),('1501021600','Health & Fitness Books','1501020000',16,'1'),('1501021700','History Books','1501020000',17,'1'),('1501021800','Home Improvement Books','1501020000',18,'1'),('1501021900','Humor Books','1501020000',19,'1'),('1501022000','Juvenile Non-Fiction','1501020000',20,'1'),('1501022100','Language Arts Books','1501020000',21,'1'),('1501022200','Law Books','1501020000',22,'1'),('1501022300','Literary Books','1501020000',23,'1'),('1501022400','Math Books','1501020000',24,'1'),('1501022500','Medical Books','1501020000',25,'1'),('1501022600','Music Books','1501020000',26,'1'),('1501022700','Performing Arts Books','1501020000',27,'1'),('1501022800','Pet Books','1501020000',28,'1'),('1501022900','Philosophy Books','1501020000',29,'1'),('1501023000','Photography Books','1501020000',30,'1'),('1501023100','Poetry','1501020000',31,'1'),('1501023200','Political Science Books','1501020000',32,'1'),('1501023300','Psychology Books','1501020000',33,'1'),('1501023400','Puzzle Books','1501020000',34,'1'),('1501023500','Reference Books','1501020000',35,'1'),('1501023600','Religion Books','1501020000',36,'1'),('1501023700','Science Books','1501020000',37,'1'),('1501023800','Self Help Books','1501020000',38,'1'),('1501023900','Social Science Books','1501020000',39,'1'),('1501024000','Sports Books','1501020000',40,'1'),('1501024100','Technology Books','1501020000',41,'1'),('1501024200','Transportation Books','1501020000',42,'1'),('1501024300','Travel Books','1501020000',43,'1'),('1501024400','True Crime Books','1501020000',44,'1'),('1502000000','DVDs & Videos','1500000000',2,'1'),('1503000000','Magazines & Newspapers','1500000000',3,'1'),('1504000000','Music','1500000000',4,'1'),('1505000000','Product Manuals','1500000000',5,'1'),('1505010000','Electronics Manuals','1505000000',1,'1'),('1505020000','Household Appliance Manuals','1505000000',2,'1'),('1505030000','Kitchen Appliance Manuals','1505000000',3,'1'),('1505040000','Model & Toys Manuals','1505000000',4,'1'),('1505050000','Sports & Recreation Manuals','1505000000',5,'1'),('1505060000','Vehicle Service Manuals','1505000000',6,'1'),('1506000000','Sheet Music','1500000000',6,'1'),('1600000000','Office Supplies',NULL,16,'1'),('1601000000','Book Accessories','1600000000',1,'1'),('1601010000','Book Covers','1601000000',1,'1'),('1601020000','Book Stands & Rests','1601000000',2,'1'),('1602000000','Filing & Organization','1600000000',2,'1'),('1602010000','Address Books','1602000000',1,'1'),('1602020000','Binding Supplies','1602000000',2,'1'),('1602020100','Binder Accessories','1602020000',1,'1'),('1602020200','Binders','1602020000',2,'1'),('1602020300','Binding Combs & Spines','1602020000',3,'1'),('1602030000','Business Card Books','1602000000',3,'1'),('1602040000','Business Card Stands','1602000000',4,'1'),('1602050000','CD/DVD Organizers','1602000000',5,'1'),('1602050100','CD/DVD Pouches & Visors','1602050000',1,'1'),('1602050200','CD/DVD Sleeves','1602050000',2,'1'),('1602050300','Jewel Cases','1602050000',3,'1'),('1602060000','Calendars, Organizers & Planners','1602000000',6,'1'),('1602070000','Card Files','1602000000',7,'1'),('1602080000','Card Sleeves','1602000000',8,'1'),('1602090000','Cash Boxes','1602000000',9,'1'),('1602100000','Desk Organizers','1602000000',10,'1'),('1602110000','File Boxes','1602000000',11,'1'),('1602120000','File Cabinets','1602000000',12,'1'),('1602130000','File Carts','1602000000',13,'1'),('1602140000','File Folders','1602000000',14,'1'),('1602150000','Greeting Card Organizers','1602000000',15,'1'),('1602160000','Laminating','1602000000',16,'1'),('1602170000','Pen & Pencil Cases','1602000000',17,'1'),('1602180000','Pocket Folders','1602000000',18,'1'),('1602190000','Recipe Card Boxes','1602000000',19,'1'),('1602200000','Report Covers & Portfolios','1602000000',20,'1'),('1602210000','Storage Lockers & Cabinets','1602000000',21,'1'),('1603000000','General Supplies','1600000000',3,'1'),('1603010000','Adhesives','1603000000',1,'1'),('1603020000','Brass Fasteners','1603000000',2,'1'),('1603030000','Correction','1603000000',3,'1'),('1603030100','Correction Fluids, Pens & Tapes','1603030000',1,'1'),('1603030200','Erasers','1603030000',2,'1'),('1603040000','Labels & Tags','1603000000',4,'1'),('1603040100','Address Labels','1603040000',1,'1'),('1603040200','Folder Tabs','1603040000',2,'1'),('1603040300','Label Clips','1603040000',3,'1'),('1603040400','Label Tape','1603040000',4,'1'),('1603040500','Shipping Labels','1603040000',5,'1'),('1603040600','Shipping Tags','1603040000',6,'1'),('1603050000','Paper Clips & Clamps','1603000000',5,'1'),('1603060000','Paper Products','1603000000',6,'1'),('1603060100','Binder Paper','1603060000',1,'1'),('1603060200','Blank ID Cards','1603060000',2,'1'),('1603060300','Bookmarks','1603060000',3,'1'),('1603060400','Business Cards','1603060000',4,'1'),('1603060500','Business Forms & Receipts','1603060000',5,'1'),('1603060600','Cover Paper','1603060000',6,'1'),('1603060700','Envelopes','1603060000',7,'1'),('1603060800','Index Cards','1603060000',8,'1'),('1603060900','Notebooks & Notepads','1603060000',9,'1'),('1603061000','Post Cards','1603060000',10,'1'),('1603061100','Printer & Copier Paper','1603060000',11,'1'),('1603061200','Receipt Paper Rolls','1603060000',12,'1'),('1603061300','Stationery','1603060000',13,'1'),('1603061400','Sticky Notes','1603060000',14,'1'),('1603070000','Rubber Bands','1603000000',7,'1'),('1603080000','Stamp Pads & Inks','1603000000',8,'1'),('1603090000','Staples','1603000000',9,'1'),('1603100000','Tacks & Pushpins','1603000000',10,'1'),('1604000000','Impulse Sealers','1600000000',4,'1'),('1605000000','Name Plates','1600000000',5,'1'),('1606000000','Office & Chair Mats','1600000000',6,'1'),('1606010000','Anti-Fatigue Mats','1606000000',1,'1'),('1606020000','Chair Mats','1606000000',3,'1'),('1606030000','Office Mats','1606000000',4,'1'),('1607000000','Office Carts','1600000000',7,'1'),('1607010000','Audio & Video Carts','1607000000',1,'1'),('1607020000','Book Carts','1607000000',2,'1'),('1607030000','Mail Carts','1607000000',3,'1'),('1607040000','Utility Carts','1607000000',4,'1'),('1608000000','Office Equipment','1600000000',8,'1'),('1608010000','Calculators','1608000000',1,'1'),('1608020000','Electronic Dictionaries & Translators','1608000000',2,'1'),('1608030000','Label Makers','1608000000',3,'1'),('1608040000','Office Shredders','1608000000',4,'1'),('1608050000','Postage Meters','1608000000',5,'1'),('1608060000','Time & Attendance Clocks','1608000000',6,'1'),('1608070000','Transcribers & Dictation Systems','1608000000',7,'1'),('1608080000','Typewriters','1608000000',8,'1'),('1609000000','Office Instruments','1600000000',9,'1'),('1609010000','Call Bells','1609000000',1,'1'),('1609020000','Clipboards','1609000000',2,'1'),('1609030000','Magnifiers','1609000000',3,'1'),('1609040000','Office Rulers','1609000000',4,'1'),('1609050000','Pencil Sharpeners','1609000000',5,'1'),('1609060000','Rubber Stamps','1609000000',6,'1'),('1609060100','Decorative Rubber Stamps','1609060000',1,'1'),('1609060200','Office Rubber Stamps','1609060000',2,'1'),('1609070000','Scissors','1609000000',7,'1'),('1609080000','Staple Removers','1609000000',8,'1'),('1609090000','Staplers','1609000000',9,'1'),('1609100000','Writing & Drawing Instrument Accessories','1609000000',10,'1'),('1609100100','Pen Ink & Refills','1609100000',1,'1'),('1609100200','Pencil Lead & Refills','1609100000',2,'1'),('1609110000','Writing & Drawing Instruments','1609000000',10,'1'),('1609110100','Art Charcoals','1609110000',1,'1'),('1609110200','Chalk','1609110000',2,'1'),('1609110300','Crayons','1609110000',3,'1'),('1609110400','Markers & Highlighters','1609110000',4,'1'),('1609110500','Pastels','1609110000',5,'1'),('1609110600','Pens & Pencils','1609110000',6,'1'),('1610000000','Paper Handling','1600000000',10,'1'),('1610010000','Craft Knives','1610000000',1,'1'),('1610020000','Cutting Mats','1610000000',2,'1'),('1610030000','Fingertip Grips','1610000000',3,'1'),('1610040000','Hole Punches','1610000000',4,'1'),('1610040100','Decorative Hole Punches','1610040000',1,'1'),('1610040200','Office Hole Punches','1610040000',2,'1'),('1610050000','Paper Cutter Accessories','1610000000',5,'1'),('1610060000','Paper Cutters','1610000000',6,'1'),('1610070000','Paper Folding Machines','1610000000',7,'1'),('1610080000','Paper Joggers','1610000000',8,'1'),('1610090000','Paperweights','1610000000',9,'1'),('1610100000','Pencil Boards','1610000000',10,'1'),('1611000000','Presentation Supplies','1600000000',11,'1'),('1611010000','Chalkboards','1611000000',1,'1'),('1611020000','Display Boards','1611000000',2,'1'),('1611020100','Bulletin Boards','1611020000',1,'1'),('1611020200','Foam Boards','1611020000',2,'1'),('1611020300','Mounting Boards','1611020000',3,'1'),('1611020400','Poster Boards','1611020000',4,'1'),('1611030000','Document Cameras','1611000000',3,'1'),('1611040000','Easel Pads','1611000000',4,'1'),('1611050000','Easels','1611000000',5,'1'),('1611060000','Laser Pointers','1611000000',6,'1'),('1611070000','Lecterns','1611000000',7,'1'),('1611080000','Transparencies','1611000000',8,'1'),('1611090000','Whiteboards','1611000000',9,'1'),('1611100000','Wireless Presenters','1611000000',10,'1'),('1612000000','Shipping Supplies','1600000000',12,'1'),('1612010000','Packing Materials','1612000000',1,'1'),('1612020000','Packing Tape','1612000000',2,'1'),('1612030000','Postal Scales','1612000000',3,'1'),('1612040000','Shipping Boxes','1612000000',4,'1'),('1700000000','Religious & Ceremonial',NULL,17,'1'),('1701000000','Memorial Ceremony Supplies','1700000000',1,'1'),('1702000000','Religious Items','1700000000',2,'1'),('1702010000','Prayer Beads','1702000000',1,'1'),('1702020000','Religious Veils','1702000000',2,'1'),('1702030000','Other','1702000000',3,'1'),('1703000000','Wedding Ceremony Supplies','1700000000',3,'1'),('1703010000','Flower Girl Baskets','1703000000',1,'1'),('1703020000','Ring Pillows','1703000000',2,'1'),('1703030000','Unity Candles','1703000000',3,'1'),('1800000000','Software',NULL,18,'1'),('1801000000','Computer Software','1800000000',1,'1'),('1801010000','Antivirus & Security Software','1801000000',1,'1'),('1801020000','Business & Productivity Software','1801000000',2,'1'),('1801030000','Compilers & Programming Tools','1801000000',3,'1'),('1801040000','Computer Utilities & Maintenance','1801000000',4,'1'),('1801050000','Educational Software','1801000000',5,'1'),('1801060000','Financial, Tax & Accounting Software','1801000000',6,'1'),('1801070000','Handheld & PDA Software','1801000000',7,'1'),('1801080000','Multimedia & Design Software','1801000000',8,'1'),('1801080100','3D Modeling Software','1801080000',1,'1'),('1801080200','Animation Editing Software','1801080000',2,'1'),('1801080300','Graphic Design & Illustration Software','1801080000',3,'1'),('1801080400','Home & Interior Design Software','1801080000',4,'1'),('1801080500','Home Publishing Software','1801080000',5,'1'),('1801080600','Media Viewing Software','1801080000',6,'1'),('1801080700','Music Composition Software','1801080000',7,'1'),('1801080800','Sound Editing Software','1801080000',8,'1'),('1801080900','Video Editing Software','1801080000',9,'1'),('1801081000','Web Design Software','1801080000',10,'1'),('1801090000','Network Software','1801000000',9,'1'),('1801100000','Office Application Software','1801000000',10,'1'),('1801110000','Operating Systems','1801000000',11,'1'),('1801120000','Reference Software','1801000000',12,'1'),('1801120100','Dictionary & Translation Software','1801120000',1,'1'),('1801120200','GPS Map Data & Software','1801120000',2,'1'),('1802000000','Digital Goods & Currency','1800000000',2,'1'),('1802010000','Clip Art','1802000000',1,'1'),('1802020000','Computer Icons','1802000000',2,'1'),('1802030000','Desktop Wallpaper','1802000000',3,'1'),('1802040000','Fonts','1802000000',4,'1'),('1802050000','Virtual Currency','1802000000',5,'1'),('1803000000','Video Game Software','1800000000',3,'1'),('1803010000','All Game Boy Games','1803000000',1,'1'),('1803010100','Game Boy Advance Games','1803010000',1,'1'),('1803010200','Game Boy Games','1803010000',2,'1'),('1803020000','All PlayStation Games','1803000000',2,'1'),('1803020100','PlayStation (original) Games','1803020000',1,'1'),('1803020200','PlayStation 2 Games','1803020000',2,'1'),('1803020300','PlayStation 3 Games','1803020000',3,'1'),('1803030000','All XBox Games','1803000000',3,'1'),('1803030100','XBox (original) Games','1803030000',1,'1'),('1803030200','XBox 360 Games','1803030000',2,'1'),('1803040000','Atari 2600 Games','1803000000',4,'1'),('1803050000','Atari 5200 Games','1803000000',5,'1'),('1803060000','Atari Lynx Games','1803000000',6,'1'),('1803070000','ColecoVision Games','1803000000',7,'1'),('1803080000','Computer Games','1803000000',8,'1'),('1803080100','MAC Games','1803080000',1,'1'),('1803080200','PC Games','1803080000',2,'1'),('1803090000','Dreamcast Games','1803000000',9,'1'),('1803100000','Game Gear Games','1803000000',10,'1'),('1803110000','GameCube Games','1803000000',11,'1'),('1803120000','Intellivision Games','1803000000',12,'1'),('1803130000','Jaguar Games','1803000000',13,'1'),('1803140000','LeapFrog Games','1803000000',14,'1'),('1803150000','N-Gage Games','1803000000',15,'1'),('1803160000','Neo Geo Games','1803000000',16,'1'),('1803170000','Neo Geo Pocket Games','1803000000',17,'1'),('1803180000','Nintendo 64 Games','1803000000',18,'1'),('1803190000','Nintendo DS Games','1803000000',19,'1'),('1803200000','Nintendo Entertainment System Games','1803000000',20,'1'),('1803210000','PlayStation Portable Games','1803000000',21,'1'),('1803220000','PlayStation Vita Games','1803000000',22,'1'),('1803230000','Sega Genesis Games','1803000000',23,'1'),('1803240000','Sega Master System Games','1803000000',24,'1'),('1803250000','Super Nintendo Games','1803000000',25,'1'),('1803260000','Turbografx 16 Games','1803000000',26,'1'),('1803270000','Wii Games','1803000000',27,'1'),('1803280000','Wii U Games','1803000000',28,'1'),('1900000000','Sporting Goods',NULL,19,'1'),('1901000000','Air Sports','1900000000',1,'1'),('1901010000','Air Suits','1901000000',1,'1'),('1901020000','Hang Gliding','1901000000',2,'1'),('1901030000','Parachutes','1901000000',3,'1'),('1902000000','Combat Sports','1900000000',2,'1'),('1902010000','Boxing','1902000000',1,'1'),('1902010100','Boxing Gloves & Mitts','1902010000',1,'1'),('1902010200','Boxing Protective Gear','1902010000',2,'1'),('1902010300','Boxing Ring Parts','1902010000',3,'1'),('1902010400','Boxing Rings','1902010000',4,'1'),('1902010500','Punching Bag Accessories','1902010000',5,'1'),('1902010600','Punching Bags','1902010000',6,'1'),('1902020000','Fencing','1902000000',2,'1'),('1902020100','Fencing Protective Gear','1902020000',1,'1'),('1902020200','Fencing Weapons','1902020000',2,'1'),('1902030000','Martial Arts','1902000000',3,'1'),('1902030100','Martial Arts Belts','1902030000',1,'1'),('1902030200','Martial Arts Weapons','1902030000',2,'1'),('1902040000','Wrestling','1902000000',4,'1'),('1902040100','Wrestling Mats','1902040000',1,'1'),('1902040200','Wrestling Protective Gear','1902040000',2,'1'),('1903000000','Dancing','1900000000',3,'1'),('1904000000','Exercise & Fitness','1900000000',4,'1'),('1904010000','Abdominal Equipment','1904000000',1,'1'),('1904020000','Cardio Machine Accessories','1904000000',2,'1'),('1904030000','Cardio Machines','1904000000',3,'1'),('1904030100','Elliptical Trainers','1904030000',1,'1'),('1904030200','Exercise Bikes','1904030000',2,'1'),('1904030300','Rowing Machines','1904030000',3,'1'),('1904030400','Stair Climbers','1904030000',4,'1'),('1904030500','Treadmills','1904030000',5,'1'),('1904040000','Exercise Balls','1904000000',4,'1'),('1904050000','Exercise Bands','1904000000',5,'1'),('1904060000','Foam Roller Accessories','1904000000',6,'1'),('1904070000','Foam Rollers','1904000000',7,'1'),('1904080000','Free Weight Accessories','1904000000',8,'1'),('1904090000','Free Weight Bars','1904000000',9,'1'),('1904100000','Free Weights','1904000000',10,'1'),('1904110000','Gym Mats','1904000000',11,'1'),('1904120000','Jump Ropes','1904000000',12,'1'),('1904130000','Medicine Balls','1904000000',13,'1'),('1904140000','Stopwatches','1904000000',14,'1'),('1904150000','Weight Benches','1904000000',15,'1'),('1904160000','Weighted Clothing','1904000000',16,'1'),('1904170000','Weightlifting Belts','1904000000',17,'1'),('1904180000','Weightlifting Gloves','1904000000',18,'1'),('1904190000','Weightlifting Machine Accessories','1904000000',19,'1'),('1904200000','Weightlifting Machines','1904000000',20,'1'),('1904210000','Yoga & Pilates','1904000000',21,'1'),('1904210100','Pilates Machines','1904210000',1,'1'),('1904210200','Yoga & Pilates Blocks','1904210000',2,'1'),('1904210300','Yoga & Pilates Mats','1904210000',3,'1'),('1904210400','Yoga Mat Bags & Straps','1904210000',4,'1'),('1904220000','Yoga & Pilates Accessories','1904000000',22,'1'),('1905000000','Gymnastics','1900000000',5,'1'),('1905010000','Balance Beams','1905000000',1,'1'),('1905020000','Gymnastics Bars','1905000000',2,'1'),('1905030000','Gymnastics Mats','1905000000',3,'1'),('1905040000','Gymnastics Protective Gear','1905000000',4,'1'),('1905050000','Gymnastics Rings','1905000000',5,'1'),('1905060000','Pommel Horses','1905000000',6,'1'),('1905070000','Springboards','1905000000',7,'1'),('1905080000','Vaulting Horses','1905000000',8,'1'),('1906000000','Indoor Games','1900000000',6,'1'),('1906010000','Air Hockey','1906000000',1,'1'),('1906010100','Air Hockey Pucks','1906010000',1,'1'),('1906010200','Air Hockey Strikers','1906010000',2,'1'),('1906010300','Air Hockey Table Parts','1906010000',3,'1'),('1906010400','Air Hockey Tables','1906010000',4,'1'),('1906020000','Billiards','1906000000',2,'1'),('1906020100','Billiard Ball Racks','1906020000',1,'1'),('1906020200','Billiard Balls','1906020000',2,'1'),('1906020300','Billiard Cue Accessories','1906020000',3,'1'),('1906020400','Billiard Cues & Bridges','1906020000',4,'1'),('1906020500','Billiard Gloves','1906020000',5,'1'),('1906020600','Billiard Table Lights','1906020000',6,'1'),('1906020700','Billiard Table Parts & Accessories','1906020000',7,'1'),('1906020800','Billiard Tables','1906020000',8,'1'),('1906030000','Bowling','1906000000',3,'1'),('1906030100','Bowling Ball Bags','1906030000',1,'1'),('1906030200','Bowling Balls','1906030000',2,'1'),('1906030300','Bowling Gloves','1906030000',3,'1'),('1906030400','Bowling Pins','1906030000',4,'1'),('1906030500','Bowling Wrist Supports','1906030000',5,'1'),('1906040000','Darts','1906000000',4,'1'),('1906040100','Dart Backboards','1906040000',1,'1'),('1906040200','Dart Parts','1906040000',2,'1'),('1906040300','Dartboards','1906040000',3,'1'),('1906040400','Single Darts','1906040000',4,'1'),('1906050000','Foosball','1906000000',5,'1'),('1906050100','Foosball Balls','1906050000',1,'1'),('1906050200','Foosball Table Parts','1906050000',2,'1'),('1906050300','Foosball Tables','1906050000',3,'1'),('1906060000','Ping Pong','1906000000',6,'1'),('1906060100','Ping Pong Balls','1906060000',1,'1'),('1906060200','Ping Pong Nets & Posts','1906060000',2,'1'),('1906060300','Ping Pong Paddle Accessories','1906060000',3,'1'),('1906060400','Ping Pong Paddles','1906060000',4,'1'),('1906060500','Ping Pong Robot Accessories','1906060000',5,'1'),('1906060600','Ping Pong Robots','1906060000',6,'1'),('1906060700','Ping Pong Tables','1906060000',7,'1'),('1906070000','Table Shuffleboard','1906000000',7,'1'),('1906070100','Shuffleboard Tables','1906070000',1,'1'),('1906070200','Table Shuffleboard Powder','1906070000',2,'1'),('1906070300','Table Shuffleboard Pucks','1906070000',3,'1'),('1907000000','Jumping','1900000000',7,'1'),('1907010000','Bungee Jumping','1907000000',1,'1'),('1907020000','Jumping Stilts','1907000000',2,'1'),('1907030000','Pogo Sticks','1907000000',3,'1'),('1907040000','Trampoline Accessories','1907000000',4,'1'),('1907040100','Trampoline Anchors','1907040000',1,'1'),('1907040200','Trampoline Ladders','1907040000',2,'1'),('1907040300','Trampoline Mats','1907040000',3,'1'),('1907040400','Trampoline Springs','1907040000',4,'1'),('1907050000','Trampolines','1907000000',5,'1'),('1908000000','Outdoor Recreation','1900000000',8,'1'),('1908010000','Archery','1908000000',1,'1'),('1908010100','Archery Armguards','1908010000',1,'1'),('1908010200','Archery Targets','1908010000',2,'1'),('1908010300','Arrow Parts & Accessories','1908010000',3,'1'),('1908010400','Arrows','1908010000',4,'1'),('1908010500','Bow Cases','1908010000',5,'1'),('1908010600','Compound Bows','1908010000',6,'1'),('1908010700','Crossbows','1908010000',7,'1'),('1908010800','Long Bows','1908010000',8,'1'),('1908010900','Quivers','1908010000',9,'1'),('1908020000','Camping, Backpacking & Hiking','1908000000',2,'1'),('1908020100','Camp Furniture','1908020000',1,'1'),('1908020200','Camping Cookware & Dinnerware','1908020000',2,'1'),('1908020300','Camping Lights & Lanterns','1908020000',3,'1'),('1908020400','Camping Tools','1908020000',4,'1'),('1908020500','Chemical Hand Warmers','1908020000',5,'1'),('1908020600','Compression Sacks','1908020000',6,'1'),('1908020700','Crampons','1908020000',7,'1'),('1908020800','Freeze-Dried Food','1908020000',8,'1'),('1908020900','Hiking Poles','1908020000',9,'1'),('1908021000','Mosquito Nets','1908020000',10,'1'),('1908021100','Navigational Compasses','1908020000',11,'1'),('1908021200','Portable Toilets','1908020000',12,'1'),('1908021300','Portable Urination Devices','1908020000',13,'1'),('1908021400','Portable Water Filters & Purifiers','1908020000',14,'1'),('1908021500','Sleeping Bag Liners','1908020000',15,'1'),('1908021600','Sleeping Bags','1908020000',16,'1'),('1908021700','Sleeping Pads','1908020000',17,'1'),('1908021800','Tent Accessories','1908020000',18,'1'),('1908021900','Tents','1908020000',19,'1'),('1908030000','Cycling','1908000000',3,'1'),('1908030100','Bicycle Accessories','1908030000',1,'1'),('1908030200','Bicycle Gear','1908030000',2,'1'),('1908030300','Bicycle Parts','1908030000',3,'1'),('1908030400','Bicycles','1908030000',4,'1'),('1908030500','Tricycle Accessories','1908030000',5,'1'),('1908030600','Tricycles','1908030000',6,'1'),('1908030700','Unicycle Accessories','1908030000',7,'1'),('1908030800','Unicycles','1908030000',8,'1'),('1908040000','Deck Shuffleboard','1908000000',4,'1'),('1908040100','Deck Shuffleboard Cues','1908040000',1,'1'),('1908040200','Deck Shuffleboard Pucks','1908040000',2,'1'),('1908050000','Disc Golf','1908000000',5,'1'),('1908050100','Disc Golf Bags','1908050000',1,'1'),('1908050200','Disc Golf Baskets','1908050000',2,'1'),('1908050300','Disc Golf Discs','1908050000',3,'1'),('1908060000','Equestrian','1908000000',6,'1'),('1908060100','Horse Boots & Leg Wraps','1908060000',1,'1'),('1908060200','Horse Supplies','1908060000',2,'1'),('1908060300','Horse Tack','1908060000',3,'1'),('1908060400','Riding Gear','1908060000',4,'1'),('1908070000','Fishing','1908000000',7,'1'),('1908070100','Fishing & Hunting Waders','1908070000',1,'1'),('1908070200','Fishing Chum Containers','1908070000',2,'1'),('1908070300','Fishing Floats','1908070000',3,'1'),('1908070400','Fishing Hooks','1908070000',4,'1'),('1908070500','Fishing Lines & Leaders','1908070000',5,'1'),('1908070600','Fishing Lures','1908070000',6,'1'),('1908070700','Fishing Nets','1908070000',7,'1'),('1908070800','Fishing Reels','1908070000',8,'1'),('1908070900','Fishing Rods','1908070000',9,'1'),('1908071000','Fishing Sinkers','1908070000',10,'1'),('1908071100','Fishing Yarn','1908070000',11,'1'),('1908071200','Live Bait','1908070000',12,'1'),('1908071300','Tackle Boxes','1908070000',13,'1'),('1908080000','Geocaching','1908000000',8,'1'),('1908080100','Geocaches','1908080000',1,'1'),('1908080200','Geocaching Log Sheets','1908080000',2,'1'),('1908080300','Geocaching Trackables','1908080000',3,'1'),('1908090000','Golf','1908000000',9,'1'),('1908090100','Golf Bag Accessories','1908090000',1,'1'),('1908090200','Golf Bags','1908090000',2,'1'),('1908090300','Golf Balls','1908090000',3,'1'),('1908090400','Golf Club Parts & Accessories','1908090000',4,'1'),('1908090500','Golf Clubs','1908090000',5,'1'),('1908090600','Golf Flags','1908090000',6,'1'),('1908090700','Golf Gloves','1908090000',7,'1'),('1908090800','Golf Tees','1908090000',8,'1'),('1908090900','Golf Towels','1908090000',9,'1'),('1908091000','Golf Training Aids','1908090000',10,'1'),('1908100000','Hunting','1908000000',10,'1'),('1908100100','Animal Traps','1908100000',1,'1'),('1908100200','Hunting Blinds & Screens','1908100000',2,'1'),('1908100300','Hunting Calls','1908100000',3,'1'),('1908100400','Hunting Decoys','1908100000',4,'1'),('1908100500','Hunting Dog Equipment','1908100000',5,'1'),('1908100600','Hunting Shelters','1908100000',6,'1'),('1908100700','Tree Stands','1908100000',7,'1'),('1908110000','Hydration System Accessories','1908000000',11,'1'),('1908120000','Hydration Systems','1908000000',12,'1'),('1908130000','Ice Climbing','1908000000',13,'1'),('1908140000','Kick Scooters','1908000000',14,'1'),('1908150000','Lawn Games','1908000000',15,'1'),('1908150100','Bean Bag Toss','1908150000',1,'1'),('1908150200','Bocce','1908150000',2,'1'),('1908150300','Croquet','1908150000',3,'1'),('1908150400','Horseshoe Toss','1908150000',4,'1'),('1908150500','Ladder Golf','1908150000',5,'1'),('1908150600','Lawn Bowling','1908150000',6,'1'),('1908150700','Lawn Darts','1908150000',7,'1'),('1908150800','Ring Toss','1908150000',8,'1'),('1908150900','Washer Pitching','1908150000',9,'1'),('1908160000','Motorsports','1908000000',16,'1'),('1908170000','Reflective Fitness Clothing','1908000000',17,'1'),('1908180000','Riding Scooters','1908000000',18,'1'),('1908190000','Rock Climbing','1908000000',19,'1'),('1908190100','Ascenders & Descenders','1908190000',1,'1'),('1908190200','Belay Devices','1908190000',2,'1'),('1908190300','Carabiners','1908190000',3,'1'),('1908190400','Climbing Chalk','1908190000',4,'1'),('1908190500','Climbing Chalk Bags','1908190000',5,'1'),('1908190600','Climbing Harnesses','1908190000',6,'1'),('1908190700','Climbing Helmets','1908190000',7,'1'),('1908190800','Climbing Protection Devices','1908190000',8,'1'),('1908190900','Climbing Rope','1908190000',9,'1'),('1908191000','Climbing Rope Bags','1908190000',10,'1'),('1908191100','Climbing Webbing','1908190000',11,'1'),('1908191200','Crash Pads','1908190000',12,'1'),('1908191300','Indoor Climbing Holds','1908190000',13,'1'),('1908191400','Quickdraws','1908190000',14,'1'),('1908200000','Running','1908000000',20,'1'),('1908210000','Shooting Games','1908000000',21,'1'),('1908210100','Airsoft','1908210000',1,'1'),('1908210200','Clay Pigeon Shooting','1908210000',2,'1'),('1908210300','Paintball','1908210000',3,'1'),('1908210400','Shooting Targets','1908210000',4,'1'),('1908220000','Skateboarding','1908000000',22,'1'),('1908220100','Skate Rails','1908220000',1,'1'),('1908220200','Skate Ramps','1908220000',2,'1'),('1908220300','Skateboard Parts','1908220000',3,'1'),('1908220400','Skateboard Protective Gear','1908220000',4,'1'),('1908220500','Skateboards','1908220000',5,'1'),('1908230000','Skating','1908000000',23,'1'),('1908230100','Figure Skate Boots','1908230000',1,'1'),('1908230200','Ice Skate Sharpeners','1908230000',2,'1'),('1908230300','Ice Skates','1908230000',3,'1'),('1908230400','Lace Tighteners','1908230000',4,'1'),('1908230500','Roller Skates','1908230000',5,'1'),('1908230600','Skate Blade Guards','1908230000',6,'1'),('1908230700','Skating Helmets & Pads','1908230000',7,'1'),('1908240000','Stadium Seats & Cushions','1908000000',24,'1'),('1908250000','Tetherball','1908000000',25,'1'),('1908260000','Track & Field','1908000000',26,'1'),('1908260100','Discuses','1908260000',1,'1'),('1908260200','High Jump Bars','1908260000',2,'1'),('1908260300','High Jump Pits','1908260000',3,'1'),('1908260400','Hurdles','1908260000',4,'1'),('1908260500','Javelins','1908260000',5,'1'),('1908260600','Pole Vault Pits','1908260000',6,'1'),('1908260700','Relay Batons','1908260000',7,'1'),('1908260800','Shot Puts','1908260000',8,'1'),('1908260900','Starter Pistols','1908260000',9,'1'),('1908261000','Throwing Hammers','1908260000',10,'1'),('1908261100','Track Spikes','1908260000',11,'1'),('1908261200','Vaulting Poles','1908260000',12,'1'),('1909000000','Paddle Tennis','1900000000',9,'1'),('1910000000','Pickleball','1900000000',10,'1'),('1911000000','Racquet Sports','1900000000',11,'1'),('1911010000','Badminton','1911000000',1,'1'),('1911010100','Badminton Nets','1911010000',1,'1'),('1911010200','Badminton Rackets','1911010000',2,'1'),('1911010300','Shuttlecocks','1911010000',3,'1'),('1911020000','Platform Tennis','1911000000',2,'1'),('1911030000','Racquetball','1911000000',3,'1'),('1911030100','Racquetball Protective Gear','1911030000',1,'1'),('1911030200','Racquetball Rackets','1911030000',2,'1'),('1911030300','Racquetballs','1911030000',3,'1'),('1911040000','Squash','1911000000',4,'1'),('1911040100','Squash Balls','1911040000',1,'1'),('1911040200','Squash Protective Gear','1911040000',2,'1'),('1911040300','Squash Rackets','1911040000',3,'1'),('1911050000','Tennis','1911000000',5,'1'),('1911050100','Tennis Ball Hoppers','1911050000',1,'1'),('1911050200','Tennis Ball Machines','1911050000',2,'1'),('1911050300','Tennis Ball Savers','1911050000',3,'1'),('1911050400','Tennis Balls','1911050000',4,'1'),('1911050500','Tennis Nets','1911050000',5,'1'),('1911050600','Tennis Racket Accessories','1911050000',6,'1'),('1911050700','Tennis Rackets','1911050000',7,'1'),('1912000000','Team Sports','1900000000',12,'1'),('1912010000','Baseball','1912000000',1,'1'),('1912010100','Baseball Bats','1912010000',1,'1'),('1912010200','Baseball Diamond Bases','1912010000',2,'1'),('1912010300','Baseball Gloves & Mitts','1912010000',3,'1'),('1912010400','Baseball Protective Gear','1912010000',4,'1'),('1912010500','Baseballs','1912010000',5,'1'),('1912010600','Batting Gloves','1912010000',6,'1'),('1912010700','Pitching Machines','1912010000',7,'1'),('1912020000','Basketball','1912000000',2,'1'),('1912020100','Basketball Hoop Parts & Accessories','1912020000',1,'1'),('1912020200','Basketball Hoop','1912020000',2,'1'),('1912020300','Basketballs','1912020000',3,'1'),('1912030000','Beach Volleyball','1912000000',3,'1'),('1912030100','Beach Volleyball Balls','1912030000',1,'1'),('1912030200','Beach Volleyball Nets','1912030000',2,'1'),('1912040000','Broomball','1912000000',4,'1'),('1912050000','Cheerleading','1912000000',5,'1'),('1912050100','Cheerleading Megaphones','1912050000',1,'1'),('1912050200','Pom-Poms','1912050000',2,'1'),('1912060000','Cricket','1912000000',6,'1'),('1912060100','Cricket Balls','1912060000',1,'1'),('1912060200','Cricket Bats','1912060000',2,'1'),('1912060300','Cricket Gloves','1912060000',3,'1'),('1912060400','Cricket Helmets','1912060000',4,'1'),('1912070000','Curling','1912000000',7,'1'),('1912080000','Football','1912000000',8,'1'),('1912080100','Football Gloves','1912080000',1,'1'),('1912080200','Football Goal Posts','1912080000',2,'1'),('1912080300','Football Kicking Tees','1912080000',3,'1'),('1912080400','Football Protective Gear','1912080000',4,'1'),('1912080500','Football Training Equipment','1912080000',5,'1'),('1912080600','Footballs','1912080000',6,'1'),('1912090000','Hockey','1912000000',9,'1'),('1912090100','Hockey Balls & Pucks','1912090000',1,'1'),('1912090200','Hockey Goals','1912090000',2,'1'),('1912090300','Hockey Protective Gear','1912090000',3,'1'),('1912090400','Hockey Skates & Sledges','1912090000',4,'1'),('1912090500','Hockey Sticks','1912090000',5,'1'),('1912090600','Ice Hockey Skates','1912090000',6,'1'),('1912090700','Roller Hockey Balls','1912090000',7,'1'),('1912090800','Roller Hockey Skates','1912090000',8,'1'),('1912100000','Indoor Volleyball','1912000000',10,'1'),('1912100100','Indoor Volleyball Balls','1912100000',1,'1'),('1912100200','Indoor Volleyball Nets','1912100000',2,'1'),('1912100300','Volleyball Bags','1912100000',3,'1'),('1912110000','Lacrosse','1912000000',11,'1'),('1912110100','Lacrosse Balls','1912110000',1,'1'),('1912110200','Lacrosse Goals','1912110000',2,'1'),('1912110300','Lacrosse Protective Gear','1912110000',3,'1'),('1912110400','Lacrosse Stick Parts','1912110000',4,'1'),('1912110500','Lacrosse Sticks','1912110000',5,'1'),('1912110600','Lacrosse Training Equipment','1912110000',6,'1'),('1912120000','Referee Accessories','1912000000',12,'1'),('1912120100','Linesman Flags','1912120000',1,'1'),('1912120200','Penalty Cards','1912120000',2,'1'),('1912120300','Referee Whistles','1912120000',3,'1'),('1912130000','Rugby','1912000000',13,'1'),('1912130100','Rugby Balls','1912130000',1,'1'),('1912130200','Rugby Gloves','1912130000',2,'1'),('1912130300','Rugby Helmets','1912130000',3,'1'),('1912130400','Rugby Posts','1912130000',4,'1'),('1912130500','Rugby Training Equipment','1912130000',5,'1'),('1912140000','Soccer','1912000000',14,'1'),('1912140100','Soccer Balls','1912140000',1,'1'),('1912140200','Soccer Captain Armbands','1912140000',2,'1'),('1912140300','Soccer Corner Flags','1912140000',3,'1'),('1912140400','Soccer Goal Accessories','1912140000',4,'1'),('1912140500','Soccer Goalie Gloves','1912140000',5,'1'),('1912140600','Soccer Goals','1912140000',6,'1'),('1912140700','Soccer Shin Guards','1912140000',7,'1'),('1912150000','Softball','1912000000',15,'1'),('1912150100','Softball Bats','1912150000',1,'1'),('1912150200','Softball Gloves & Mitts','1912150000',2,'1'),('1912150300','Softball Protective Gear','1912150000',3,'1'),('1912150400','Softballs','1912150000',4,'1'),('1912160000','Team Handball','1912000000',16,'1'),('1913000000','Water Sports','1900000000',13,'1'),('1913010000','Boating','1913000000',1,'1'),('1913010100','Canoeing','1913010000',1,'1'),('1913010200','Canoeing','1913010000',2,'1'),('1913010300','Pedal Boats','1913010000',3,'1'),('1913010400','Rafts','1913010000',4,'1'),('1913010500','Rowing','1913010000',5,'1'),('1913010600','Sailing & Yachting','1913010000',6,'1'),('1913020000','Kitesurfing','1913000000',2,'1'),('1913020100','Kiteboard Cases','1913020000',1,'1'),('1913020200','Kiteboard Parts','1913020000',2,'1'),('1913020300','Kiteboards','1913020000',3,'1'),('1913020400','Kitesurfing Harnesses','1913020000',4,'1'),('1913020500','Kitesurfing Kites','1913020000',5,'1'),('1913030000','Life Jacket Accessories','1913000000',3,'1'),('1913040000','Life Jackets','1913000000',4,'1'),('1913050000','Scuba Diving & Snorkeling','1913000000',5,'1'),('1913050100','Buoyancy Compensators','1913050000',1,'1'),('1913050200','Dive Computers','1913050000',2,'1'),('1913050300','Diving & Snorkeling Fins','1913050000',3,'1'),('1913050400','Diving & Snorkeling Masks','1913050000',4,'1'),('1913050500','Diving Belts','1913050000',5,'1'),('1913050600','Diving Knives & Shears','1913050000',6,'1'),('1913050700','Drysuits','1913050000',7,'1'),('1913050800','Regulators','1913050000',8,'1'),('1913050900','Snorkels','1913050000',9,'1'),('1913060000','Surfing','1913000000',6,'1'),('1913060100','Bodyboards','1913060000',1,'1'),('1913060200','Paddleboards','1913060000',2,'1'),('1913060300','Rash Guards','1913060000',3,'1'),('1913060400','Skimboards','1913060000',4,'1'),('1913060500','Surfboard Cases & Bags','1913060000',5,'1'),('1913060600','Surfboard Fins','1913060000',6,'1'),('1913060700','Surfboard Leashes','1913060000',7,'1'),('1913060800','Surfboard Wax','1913060000',8,'1'),('1913060900','Surfboards','1913060000',9,'1'),('1913061000','Surfing Tail Pads','1913060000',10,'1'),('1913070000','Swimming','1913000000',7,'1'),('1913070100','Baby Floats','1913070000',1,'1'),('1913070200','Hand Paddles','1913070000',2,'1'),('1913070300','Kickboards','1913070000',3,'1'),('1913070400','Pull Buoys','1913070000',4,'1'),('1913070500','Swim Belts','1913070000',5,'1'),('1913070600','Swim Caps','1913070000',6,'1'),('1913070700','Swim Gloves','1913070000',7,'1'),('1913070800','Swim Goggle & Mask Accessories','1913070000',8,'1'),('1913070900','Swim Goggles & Masks','1913070000',9,'1'),('1913071000','Swim Weights','1913070000',10,'1'),('1913071100','Swimming Fins','1913070000',11,'1'),('1913071200','Swimming Machines','1913070000',12,'1'),('1913071300','Swimming Nose Clips','1913070000',13,'1'),('1913071400','Training Fins','1913070000',14,'1'),('1913080000','Towed Water Sports','1913000000',8,'1'),('1913080100','Kneeboarding','1913080000',1,'1'),('1913080200','Parasailing','1913080000',2,'1'),('1913080300','Tow Cables','1913080000',3,'1'),('1913080400','Towable Rafts & Tubes','1913080000',4,'1'),('1913080500','Wakeboarding','1913080000',5,'1'),('1913080600','Water Skiing','1913080000',6,'1'),('1913090000','Water Polo','1913000000',9,'1'),('1913090100','Water Polo Balls','1913090000',1,'1'),('1913090200','Water Polo Caps','1913090000',2,'1'),('1913090300','Water Polo Goals','1913090000',3,'1'),('1913100000','Water Tubing','1913000000',10,'1'),('1913110000','Wetsuits','1913000000',11,'1'),('1913110100','Wetsuit Accessories','1913110000',1,'1'),('1913110200','Wetsuit Bottoms','1913110000',2,'1'),('1913110300','Wetsuit Tops','1913110000',3,'1'),('1913120000','Whitewater Rafting','1913000000',12,'1'),('1913120100','Whitewater Rafting Helmets','1913120000',1,'1'),('1913120200','Whitewater Rafts','1913120000',2,'1'),('1913130000','Windsurfing','1913000000',13,'1'),('1913130100','Windsurfing Boards','1913130000',1,'1'),('1913130200','Windsurfing Board Fins','1913130000',2,'1'),('1913130300','Windsurfing Board Masts','1913130000',3,'1'),('1913130400','Windsurfing Sails','1913130000',4,'1'),('1914000000','Winter Sports','1900000000',14,'1'),('1914010000','Bobsledding','1914000000',1,'1'),('1914020000','Luge','1914000000',2,'1'),('1914030000','Skiing','1914000000',3,'1'),('1914030100','Ski Bags','1914030000',1,'1'),('1914030200','Ski Bindings','1914030000',2,'1'),('1914030300','Ski Boots','1914030000',3,'1'),('1914030400','Ski Poles','1914030000',4,'1'),('1914030500','Skis','1914030000',5,'1'),('1914040000','Sledding','1914000000',4,'1'),('1914040100','Saucer Sleds','1914040000',1,'1'),('1914040200','Snow Tubes','1914040000',2,'1'),('1914040300','Toboggans','1914040000',3,'1'),('1914050000','Snowboarding','1914000000',5,'1'),('1914050100','Ski & Snowboard Goggle Lenses','1914050000',1,'1'),('1914050200','Ski & Snowboard Goggles','1914050000',2,'1'),('1914050300','Ski & Snowboard Helmets','1914050000',3,'1'),('1914050400','Snowboard Bags','1914050000',4,'1'),('1914050500','Snowboard Binding Parts','1914050000',5,'1'),('1914050600','Snowboard Bindings','1914050000',6,'1'),('1914050700','Snowboard Boots','1914050000',7,'1'),('1914050800','Snowboards','1914050000',8,'1'),('1914060000','Snowmobiling','1914000000',6,'1'),('1914070000','Snowshoeing','1914000000',7,'1'),('1914070100','Snowshoe Binding','1914070000',1,'1'),('1914070200','Snowshoes','1914070000',2,'1'),('2','Branch',NULL,2,'3'),('2','Importers.com',NULL,2,'4'),('2000000000','Toys & Games',NULL,20,'1'),('2001000000','Game Timers','2000000000',1,'1'),('2002000000','Games','2000000000',2,'1'),('2002010000','Battle Top Accessories','2002000000',1,'1'),('2002020000','Battle Tops','2002000000',2,'1'),('2002030000','Bingo Sets','2002000000',3,'1'),('2002040000','Board Games','2002000000',4,'1'),('2002040100','Backgammon Sets','2002040000',1,'1'),('2002040200','Checkers Sets','2002040000',2,'1'),('2002040300','Chess Sets','2002040000',3,'1'),('2002040400','Parcheesi','2002040000',4,'1'),('2002050000','Card Games','2002000000',5,'1'),('2002050100','Collectible Card Games','2002050000',1,'1'),('2002050200','Traditional Playing Cards','2002050000',2,'1'),('2002060000','Dice & Dice Sets','2002000000',6,'1'),('2002070000','Dice Games','2002000000',7,'1'),('2002080000','Dice Sets & Games','2002000000',8,'1'),('2002090000','Dominoes','2002000000',9,'1'),('2002100000','Mahjong','2002000000',10,'1'),('2002110000','Poker Chips & Sets','2002000000',11,'1'),('2002120000','Portable Electronic Games','2002000000',12,'1'),('2002130000','Stacking Games','2002000000',13,'1'),('2002140000','Tile Games','2002000000',14,'1'),('2003000000','Outdoor Play Equipment','2000000000',3,'1'),('2003010000','Bounce Houses','2003000000',1,'1'),('2003020000','Lawn Water Slides','2003000000',2,'1'),('2003030000','Play Tents & Tunnels','2003000000',3,'1'),('2003040000','Playhouses','2003000000',4,'1'),('2003050000','Sandboxes','2003000000',5,'1'),('2003060000','See Saws','2003000000',6,'1'),('2003070000','Slides','2003000000',7,'1'),('2003080000','Swing Set & Playset Accessories','2003000000',8,'1'),('2003090000','Swing Sets & Playsets','2003000000',9,'1'),('2003100000','Swings & Gliders','2003000000',10,'1'),('2003110000','Water Play Equipment','2003000000',11,'1'),('2003110100','Play Sprinkers','2003110000',1,'1'),('2003110200','Water Parks','2003110000',2,'1'),('2003120000','Water Tables','2003000000',12,'1'),('2004000000','Puzzles','2000000000',4,'1'),('2004010000','Jigsaw Puzzles','2004000000',1,'1'),('2004020000','Mechanical Puzzles','2004000000',2,'1'),('2004030000','Wooden & Pegged Puzzles','2004000000',3,'1'),('2005000000','Toys','2000000000',5,'1'),('2005010000','Activity Toys','2005000000',1,'1'),('2005010100','Bouncy Balls','2005010000',1,'1'),('2005010200','Bubble Blowing Solution','2005010000',2,'1'),('2005010300','Bubble Blowing Toys','2005010000',3,'1'),('2005010400','Coiled Spring Toys','2005010000',4,'1'),('2005010500','Marbles','2005010000',5,'1'),('2005010600','Spinning Tops','2005010000',6,'1'),('2005010700','Toy Jacks','2005010000',7,'1'),('2005010800','Yo-Yos','2005010000',8,'1'),('2005020000','Art & Drawing Toys','2005000000',2,'1'),('2005020100','Toy Craft Kits','2005020000',1,'1'),('2005020200','Toy Drawing Tablets','2005020000',2,'1'),('2005030000','Ball Pits','2005000000',3,'1'),('2005040000','Bath Toys','2005000000',4,'1'),('2005050000','Beach & Sand Toys','2005000000',5,'1'),('2005060000','Building Toys','2005000000',6,'1'),('2005060100','Construction Set Toys','2005060000',1,'1'),('2005060200','Foam Blocks','2005060000',2,'1'),('2005060300','Interlocking Blocks','2005060000',3,'1'),('2005060400','Marble Track Sets','2005060000',4,'1'),('2005060500','Wooden Blocks','2005060000',5,'1'),('2005070000','Dolls, Playsets & Toy Figures','2005000000',7,'1'),('2005070100','Action & Toy Figures','2005070000',1,'1'),('2005070200','Action Figures','2005070000',2,'1'),('2005070300','Animal Figures','2005070000',3,'1'),('2005070400','Army Men','2005070000',4,'1'),('2005070500','Doll & Action Figure Accessories','2005070000',5,'1'),('2005070600','Dollhouse Accessories','2005070000',6,'1'),('2005070700','Dollhouses','2005070000',7,'1'),('2005070800','Dolls','2005070000',8,'1'),('2005070900','Puppet & Puppet Theater Accessories','2005070000',9,'1'),('2005071000','Puppet Theaters','2005070000',10,'1'),('2005071100','Puppets & Marionettes','2005070000',11,'1'),('2005071200','Stuffed Toys','2005070000',12,'1'),('2005071300','Toy Playsets','2005070000',13,'1'),('2005080000','Educational Toys','2005000000',8,'1'),('2005080100','Ant Farms','2005080000',1,'1'),('2005080200','Bug Collecting Kits','2005080000',2,'1'),('2005080300','Reading Toys','2005080000',3,'1'),('2005080400','Science Sets','2005080000',4,'1'),('2005080500','Toy Abacuses','2005080000',5,'1'),('2005090000','Electronic Toys','2005000000',9,'1'),('2005100000','Flying Toys','2005000000',10,'1'),('2005100100','Air & Water Rockets','2005100000',1,'1'),('2005100200','Kites','2005100000',2,'1'),('2005100300','Toy Gliders','2005100000',3,'1'),('2005100400','Toy Parachutes','2005100000',4,'1'),('2005110000','Musical Toys','2005000000',11,'1'),('2005120000','Play Vehicle Accessories','2005000000',12,'1'),('2005130000','Play Vehicles','2005000000',13,'1'),('2005130100','Toy Airplanes','2005130000',1,'1'),('2005130200','Toy Boats','2005130000',2,'1'),('2005130300','Toy Cars','2005130000',3,'1'),('2005130400','Toy Helicopters','2005130000',4,'1'),('2005130500','Toy Motorcycles','2005130000',5,'1'),('2005130600','Toy Race Car & Track Sets','2005130000',6,'1'),('2005130700','Toy Spaceships','2005130000',7,'1'),('2005130800','Toy Train Accessories','2005130000',8,'1'),('2005130900','Toy Trains & Train Sets','2005130000',9,'1'),('2005131000','Toy Trucks & Construction Vehicles','2005130000',10,'1'),('2005140000','Pretend Play','2005000000',14,'1'),('2005140100','Play Money & Banking','2005140000',1,'1'),('2005140200','Pretend Electronics','2005140000',2,'1'),('2005140300','Pretend Housekeeping','2005140000',3,'1'),('2005140400','Pretend Lawn & Garden','2005140000',4,'1'),('2005140500','Pretend Professions & Role Playing','2005140000',5,'1'),('2005140600','Toy Kitchens & Play Food','2005140000',6,'1'),('2005140700','Toy Tools','2005140000',7,'1'),('2005150000','Remote Control Toy Accessories','2005000000',15,'1'),('2005160000','Remote Control Toy','2005000000',16,'1'),('2005160100','Remote Control Boats','2005160000',1,'1'),('2005160200','Remote Control Cars & Trucks','2005160000',2,'1'),('2005160300','Remote Control Helicopters','2005160000',3,'1'),('2005160400','Remote Control Motorcycles','2005160000',4,'1'),('2005160500','Remote Control Planes','2005160000',5,'1'),('2005160600','Remote Control Robots','2005160000',6,'1'),('2005160700','Remote Control Submarines','2005160000',7,'1'),('2005160800','Remote Control Tanks','2005160000',8,'1'),('2005170000','Riding Toys','2005000000',17,'1'),('2005170100','Electric Riding Vehicles','2005170000',1,'1'),('2005170200','Hobby Horses','2005170000',2,'1'),('2005170300','Push & Pedal Riding Vehicles','2005170000',3,'1'),('2005170400','Rocking & Spring Riding Toys','2005170000',4,'1'),('2005170500','Wagons','2005170000',5,'1'),('2005180000','Sports Toys','2005000000',18,'1'),('2005180100','Boomerangs','2005180000',1,'1'),('2005180200','Fitness Toys','2005180000',2,'1'),('2005180300','Flying Discs','2005180000',3,'1'),('2005180400','Footbags','2005180000',4,'1'),('2005180500','Toy Baseball','2005180000',5,'1'),('2005180600','Toy Basketball','2005180000',6,'1'),('2005180700','Toy Bowling','2005180000',7,'1'),('2005180800','Toy Football','2005180000',8,'1'),('2005180900','Toy Golf','2005180000',9,'1'),('2005181000','Toy Hockey','2005180000',10,'1'),('2005190000','Toy Weapons','2005000000',19,'1'),('2005200000','Visual Toys','2005000000',20,'1'),('2005200100','Kaleidoscopes','2005200000',1,'1'),('2005200200','Prisms','2005200000',2,'1'),('2005210000','Wind-up Toys','2005000000',21,'1'),('2100000000','Vehicles & Parts',NULL,21,'1'),('2101000000','Automotive Audio & Video','2100000000',1,'1'),('2101010000','Car Audio','2101000000',1,'1'),('2101010100','Car Amplifiers','2101010000',1,'1'),('2101010200','Car Audio Receivers','2101010000',2,'1'),('2101010300','Car CD Changers','2101010000',3,'1'),('2101010400','Car Cassette Players','2101010000',4,'1'),('2101010500','Car Equalizers & Crossovers','2101010000',5,'1'),('2101010600','Car Speakerphones','2101010000',6,'1'),('2101010700','Car Speakers','2101010000',7,'1'),('2101010800','Car Subwoofers','2101010000',8,'1'),('2101010900','Cassette Adapters','2101010000',9,'1'),('2101020000','Car Audio & Video Cables','2101000000',2,'1'),('2101030000','Car Surge Protection','2101000000',3,'1'),('2101040000','Car Video','2101000000',4,'1'),('2101040100','Car DVD Players','2101040000',1,'1'),('2101040200','Car Video Monitors','2101040000',2,'1'),('2102000000','Vehicle Parts & Accessories','2100000000',2,'1'),('2102010000','Aircraft Parts & Accessories','2102000000',1,'1'),('2102020000','Motor Vehicle Care','2102000000',2,'1'),('2102020100','Jump Starters','2102020000',1,'1'),('2102020200','Jumper Cables','2102020000',2,'1'),('2102020300','Tire Care','2102020000',3,'1'),('2102020400','Vehicle Cleaning','2102020000',4,'1'),('2102020500','Vehicle Covers','2102020000',5,'1'),('2102020600','Vehicle Decor','2102020000',6,'1'),('2102020700','Vehicle Diagnostic Scanners','2102020000',7,'1'),('2102020800','Vehicle Fluids','2102020000',8,'1'),('2102020900','Vehicle Paint','2102020000',9,'1'),('2102021000','Windshield Repair Kits','2102020000',10,'1'),('2102030000','Motor Vehicle Exterior','2102000000',3,'1'),('2102030100','Bumper Parts','2102030000',1,'1'),('2102030200','Bumpers','2102030000',2,'1'),('2102030300','Hardtops','2102030000',3,'1'),('2102030400','License Plates','2102030000',4,'1'),('2102030500','Motor Vehicle Body Kits','2102030000',5,'1'),('2102030600','Motor Vehicle Cargo Nets','2102030000',6,'1'),('2102030700','Motor Vehicle Carrying Rack Accessories','2102030000',7,'1'),('2102030800','Motor Vehicle Carrying Racks','2102030000',8,'1'),('2102030900','Motor Vehicle Diffusers & Splitters','2102030000',9,'1'),('2102031000','Motor Vehicle Door Parts','2102030000',10,'1'),('2102031100','Motor Vehicle Doors','2102030000',11,'1'),('2102031200','Motor Vehicle Grilles','2102030000',12,'1'),('2102031300','Motor Vehicle Hitches','2102030000',13,'1'),('2102031400','Motor Vehicle Trailer Parts','2102030000',14,'1'),('2102031500','Motorcycle Fenders','2102030000',15,'1'),('2102031600','Motorcycle Handlebars & Grips','2102030000',16,'1'),('2102031700','Motorcycle Seats','2102030000',17,'1'),('2102031800','Spoilers','2102030000',18,'1'),('2102031900','Sunroofs','2102030000',19,'1'),('2102032000','Truck Bed Parts','2102030000',20,'1'),('2102032100','Truck Beds','2102030000',21,'1'),('2102032200','Winch Parts','2102030000',22,'1'),('2102032300','Winches','2102030000',23,'1'),('2102040000','Motor Vehicle Interior','2102000000',4,'1'),('2102040100','Automotive Fuses','2102040000',1,'1'),('2102040200','Car Seat Cushions','2102040000',2,'1'),('2102040300','Car Seats','2102040000',3,'1'),('2102040400','Cigar Lighter Receptacles','2102040000',4,'1'),('2102040500','Cup Holders','2102040000',5,'1'),('2102040600','Dashboard Accessories','2102040000',6,'1'),('2102040700','Headliners','2102040000',7,'1'),('2102040800','Power Seats','2102040000',8,'1'),('2102040900','Sun Shields','2102040000',9,'1'),('2102041000','Vehicle Armrests','2102040000',10,'1'),('2102041100','Vehicle Backrests','2102040000',11,'1'),('2102041200','Vehicle Carpets','2102040000',12,'1'),('2102041300','Vehicle Floor Mats','2102040000',13,'1'),('2102050000','Motor Vehicle Monitoring','2102000000',5,'1'),('2102050100','Engine Control Unit Parts','2102050000',1,'1'),('2102050200','Fuel Meters','2102050000',2,'1'),('2102050300','Motor Vehicle Trip Computers','2102050000',3,'1'),('2102050400','Odometers','2102050000',4,'1'),('2102050500','Radar Detectors','2102050000',5,'1'),('2102050600','Speedometers','2102050000',6,'1'),('2102050700','Tachometers','2102050000',7,'1'),('2102060000','Motor Vehicle Parts','2102000000',6,'1'),('2102060100','Air Intake Parts','2102060000',1,'1'),('2102060200','Motor Vehicle Batteries','2102060000',2,'1'),('2102060300','Motor Vehicle Belts','2102060000',3,'1'),('2102060400','Motor Vehicle Braking','2102060000',4,'1'),('2102060500','Motor Vehicle Climate Control','2102060000',5,'1'),('2102060600','Motor Vehicle Engine Parts','2102060000',6,'1'),('2102060700','Motor Vehicle Exhaust','2102060000',7,'1'),('2102060800','Motor Vehicle Fuel Systems','2102060000',8,'1'),('2102060900','Motor Vehicle Lighting','2102060000',9,'1'),('2102061000','Motor Vehicle Mirrors','2102060000',10,'1'),('2102061100','Motor Vehicle Valves & Valve Parts','2102060000',11,'1'),('2102061200','Motor Vehicle Wheel Systems','2102060000',12,'1'),('2102061300','Motor Vehicle Window Parts','2102060000',13,'1'),('2102061400','Motorcycle Fairings','2102060000',14,'1'),('2102061500','Oil Circulation','2102060000',15,'1'),('2102061600','Steering Parts','2102060000',16,'1'),('2102061700','Suspension Parts','2102060000',17,'1'),('2102061800','Transmission Parts','2102060000',18,'1'),('2102061900','Windshield Wipers','2102060000',19,'1'),('2102070000','Motor Vehicle Safety Equipment','2102000000',7,'1'),('2102080000','Motor Vehicle Security & Locking Systems','2102000000',8,'1'),('2102080100','Car Alarm Accessories','2102080000',1,'1'),('2102080200','Car Alarm Systems','2102080000',2,'1'),('2102080300','Child Safety Locks','2102080000',3,'1'),('2102080400','Immobilizers','2102080000',4,'1'),('2102080500','Locking Hubs','2102080000',5,'1'),('2102080600','Motorcycle Alarms & Locks','2102080000',6,'1'),('2102080700','Power Door Locks','2102080000',7,'1'),('2102080800','Remote Keyless Systems','2102080000',8,'1'),('2102080900','Steering Wheel Locks','2102080000',9,'1'),('2102090000','Motorcycle Accessories','2102000000',9,'1'),('2102090100','Motorcycle Bags & Panniers','2102090000',1,'1'),('2102090200','Motorcycle Protective Gear','2102090000',2,'1'),('2102100000','Watercraft Parts & Accessories','2102000000',10,'1'),('2102100100','Docking & Anchoring','2102100000',1,'1'),('2102100200','Sailboat Parts','2102100000',2,'1'),('2102100300','Watercraft Care','2102100000',3,'1'),('2102100400','Watercraft Engine Parts','2102100000',4,'1'),('2102100500','Watercraft Engines & Motors','2102100000',5,'1'),('2102100600','Watercraft Exhaust Parts','2102100000',6,'1'),('2102100700','Watercraft Fuel Systems','2102100000',7,'1'),('2102100800','Watercraft Lighting','2102100000',8,'1'),('2102100900','Watercraft Steering Parts','2102100000',9,'1'),('2200000000','Antiques',NULL,22,'1'),('2201000000','Antiquities','2200000000',1,'1'),('2201010000','The Americas','2201000000',1,'1'),('2201020000','Byzantine','2201000000',2,'1'),('2201030000','Celtic','2201000000',3,'1'),('2201040000','Egyptian','2201000000',4,'1'),('2201050000','Far Eastern','2201000000',5,'1'),('2201060000','Greek','2201000000',6,'1'),('2201070000','Holy Land','2201000000',7,'1'),('2201080000','Islamic','2201000000',8,'1'),('2201090000','Near Eastern','2201000000',9,'1'),('2201100000','Neolithic & Paleolithic','2201000000',10,'1'),('2201110000','Price Guides & Publications','2201000000',11,'1'),('2201120000','Reproductions','2201000000',12,'1'),('2201130000','Roman','2201000000',13,'1'),('2201140000','South Italian','2201000000',14,'1'),('2201150000','Viking','2201000000',15,'1'),('2201160000','Other','2201000000',16,'1'),('2202000000','Architectural & Garden','2200000000',2,'1'),('2202010000','Balusters','2202000000',1,'1'),('2202020000','Barn Doors','2202000000',2,'1'),('2202030000','Beams','2202000000',3,'1'),('2202040000','Ceiling Tins','2202000000',4,'1'),('2202050000','Chandeliers, Fixtures, Sconces','2202000000',5,'1'),('2202060000','Columns & Posts','2202000000',6,'1'),('2202070000','Corbels','2202000000',7,'1'),('2202080000','Doors','2202000000',8,'1'),('2202090000','Finials','2202000000',9,'1'),('2202100000','Fireplaces & Mantels','2202000000',10,'1'),('2202110000','Garden','2202000000',11,'1'),('2202120000','Hardware','2202000000',12,'1'),('2202130000','Pediments','2202000000',13,'1'),('2202140000','Plumbing','2202000000',14,'1'),('2202150000','Price Guides & Publications','2202000000',15,'1'),('2202160000','Reproductions','2202000000',16,'1'),('2202170000','Signs','2202000000',17,'1'),('2202180000','Stained Glass Windows','2202000000',18,'1'),('2202190000','Stair & Carpet Rods','2202000000',19,'1'),('2202200000','Tiles','2202000000',20,'1'),('2202210000','Weathervanes & Lightning Rods','2202000000',21,'1'),('2202220000','Windows, Sashes & Locks','2202000000',22,'1'),('2202230000','Other','2202000000',23,'1'),('2203000000','Asian Antiques','2200000000',3,'1'),('2203010000','Burma','2203000000',1,'1'),('2203020000','China','2203000000',2,'1'),('2203030000','India','2203000000',3,'1'),('2203040000','Japan','2203000000',4,'1'),('2203050000','Korea','2203000000',5,'1'),('2203060000','Middle East','2203000000',6,'1'),('2203070000','Mongolia','2203000000',7,'1'),('2203080000','Price Guides & Publications','2203000000',8,'1'),('2203090000','Reproductions','2203000000',9,'1'),('2203100000','Southeast Asia','2203000000',10,'1'),('2203110000','China Tibet','2203000000',11,'1'),('2203120000','Unknown','2203000000',12,'1'),('2203130000','Other','2203000000',13,'1'),('2204000000','Books & Manuscripts','2200000000',4,'1'),('2204010000','American','2204000000',1,'1'),('2204020000','Asian','2204000000',2,'1'),('2204030000','English','2204000000',3,'1'),('2204040000','European','2204000000',4,'1'),('2204050000','Middle Eastern','2204000000',5,'1'),('2204060000','Other','2204000000',6,'1'),('2205000000','Decorative Arts','2200000000',5,'1'),('2205010000','Ceramics & Porcelain','2205000000',1,'1'),('2205020000','Clocks','2205000000',2,'1'),('2205030000','Glass','2205000000',3,'1'),('2205040000','Lamps','2205000000',4,'1'),('2205050000','Metalware','2205000000',5,'1'),('2205060000','Mirrors','2205000000',6,'1'),('2205070000','Picture Frames','2205000000',7,'1'),('2205080000','Price Guides & Publications','2205000000',8,'1'),('2205090000','Toleware','2205000000',9,'1'),('2205100000','Woodenware','2205000000',10,'1'),('2205110000','Other','2205000000',11,'1'),('2206000000','Ethnographic','2200000000',6,'1'),('2206010000','African','2206000000',1,'1'),('2206020000','Latin American','2206000000',2,'1'),('2206030000','Native American','2206000000',3,'1'),('2206040000','Pacific Islands & Oceania','2206000000',4,'1'),('2206050000','Price Guides & Publications','2206000000',5,'1'),('2206060000','Other','2206000000',6,'1'),('2207000000','Furniture','2200000000',7,'1'),('2207010000','Armoires & Wardrobes','2207000000',1,'1'),('2207020000','Beds & Bedroom Sets','2207000000',2,'1'),('2207030000','Benches & Stools','2207000000',3,'1'),('2207040000','Bookcases','2207000000',4,'1'),('2207050000','Cabinets & Cupboards','2207000000',5,'1'),('2207060000','Chairs','2207000000',6,'1'),('2207070000','Chests & Trunks','2207000000',7,'1'),('2207080000','Desks & Secretaries','2207000000',8,'1'),('2207090000','Dining Sets','2207000000',9,'1'),('2207100000','Dressers & Vanities','2207000000',10,'1'),('2207110000','Hall Trees & Stands','2207000000',11,'1'),('2207120000','Nightstands','2207000000',12,'1'),('2207130000','Sideboards & Buffets','2207000000',13,'1'),('2207140000','Sofas & Chaises','2207000000',14,'1'),('2207150000','Tables','2207000000',15,'1'),('2207160000','Parts & Salvaged Pieces','2207000000',16,'1'),('2207170000','Price Guides & Publications','2207000000',17,'1'),('2207180000','Other','2207000000',18,'1'),('2208000000','Home & Hearth','2200000000',8,'1'),('2208010000','Baby Carriages & Buggies','2208000000',1,'1'),('2208020000','Baby Cradles','2208000000',2,'1'),('2208030000','Bath Tubs','2208000000',3,'1'),('2208040000','Clothing Wringers','2208000000',4,'1'),('2208050000','Hearth Ware','2208000000',5,'1'),('2208060000','Ice Boxes','2208000000',6,'1'),('2208070000','Meat Grinders','2208000000',7,'1'),('2208080000','Sinks','2208000000',8,'1'),('2208090000','Stoves','2208000000',9,'1'),('2208100000','Toasters','2208000000',10,'1'),('2208110000','Trivets','2208000000',11,'1'),('2208120000','Washing Machines','2208000000',12,'1'),('2208130000','Other','2208000000',13,'1'),('2209000000','Linens & Textiles (Pre-1930)','2200000000',9,'1'),('2209010000','Bed & Bath Linens','2209000000',1,'1'),('2209020000','Embroidery','2209000000',2,'1'),('2209030000','Fabric','2209000000',3,'1'),('2209040000','Feed & Flour Sacks','2209000000',4,'1'),('2209050000','Handkerchiefs','2209000000',5,'1'),('2209060000','Kitchen & Table Linens','2209000000',6,'1'),('2209070000','Lace, Crochet & Doilies','2209000000',7,'1'),('2209080000','Pillows','2209000000',8,'1'),('2209090000','Price Guides & Publications','2209000000',9,'1'),('2209100000','Quilts','2209000000',10,'1'),('2209110000','Samplers','2209000000',11,'1'),('2209120000','Tapestries','2209000000',12,'1'),('2209130000','Other','2209000000',13,'1'),('2210000000','Maps, Atlases & Globes','2200000000',10,'1'),('2210010000','Africa','2210000000',1,'1'),('2210020000','Asia','2210000000',2,'1'),('2210030000','Australasia/ Oceania','2210000000',3,'1'),('2210040000','Canada','2210000000',4,'1'),('2210050000','Central America/ Caribbean','2210000000',5,'1'),('2210060000','Europe','2210000000',6,'1'),('2210070000','India','2210000000',7,'1'),('2210080000','Ireland','2210000000',8,'1'),('2210090000','Mexico','2210000000',9,'1'),('2210100000','Middle East','2210000000',10,'1'),('2210110000','North America','2210000000',11,'1'),('2210120000','South America','2210000000',12,'1'),('2210130000','United Kingdom','2210000000',13,'1'),('2210140000','United States (Pre-1900)','2210000000',14,'1'),('2210150000','United States (1900-Now)','2210000000',15,'1'),('2210160000','United States (Date Unknown)','2210000000',16,'1'),('2210170000','Maps on CD','2210000000',17,'1'),('2210180000','World Maps','2210000000',18,'1'),('2210190000','Globes','2210000000',19,'1'),('2210200000','Mixed Lots','2210000000',20,'1'),('2210210000','Reproductions','2210000000',21,'1'),('2210220000','Price Guides & Publications','2210000000',22,'1'),('2210230000','Other','2210000000',23,'1'),('2211000000','Maritime','2200000000',11,'1'),('2211010000','Anchors','2211000000',1,'1'),('2211020000','Bells & Whistles (359)','2211000000',2,'1'),('2211030000','Blueprints','2211000000',3,'1'),('2211040000','Charts','2211000000',4,'1'),('2211050000','Cleats & Chocks','2211000000',5,'1'),('2211060000','Clocks','2211000000',6,'1'),('2211070000','Compasses','2211000000',7,'1'),('2211080000','Diving Helmets','2211000000',8,'1'),('2211090000','Fishing Nets & Floats','2211000000',9,'1'),('2211100000','Folk Art','2211000000',10,'1'),('2211110000','Harpoons','2211000000',11,'1'),('2211120000','Lamps & Lighting','2211000000',12,'1'),('2211130000','Model Ships','2211000000',13,'1'),('2211140000','Parallel Rules','2211000000',14,'1'),('2211150000','Plaques & Signs','2211000000',15,'1'),('2211160000','Portholes','2211000000',16,'1'),('2211170000','Price Guides & Publications','2211000000',17,'1'),('2211180000','Propellers','2211000000',18,'1'),('2211190000','Pulleys','2211000000',19,'1'),('2211200000','Scrimshaws','2211000000',20,'1'),('2211210000','Sextants','2211000000',21,'1'),('2211220000','Reproductions','2211000000',22,'1'),('2211230000','Telegraphs','2211000000',23,'1'),('2211240000','Telescopes','2211000000',24,'1'),('2211250000','Wheels','2211000000',25,'1'),('2211260000','Other','2211000000',26,'1'),('2212000000','Mercantile, Trades & Factories','2200000000',12,'1'),('2212010000','Barber Chairs','2212000000',1,'1'),('2212020000','Binding, Embossing & Printing','2212000000',2,'1'),('2212030000','Cash Register, Adding Machines','2212000000',3,'1'),('2212040000','Display Cases','2212000000',4,'1'),('2212050000','Industrial Molds','2212000000',5,'1'),('2212060000','Safes & Still Banks','2212000000',6,'1'),('2212070000','Scales','2212000000',7,'1'),('2212080000','Typewriters','2212000000',8,'1'),('2212090000','Other','2212000000',9,'1'),('2213000000','Musical Instruments (Pre-1930)','2200000000',13,'1'),('2213010000','Brass','2213000000',1,'1'),('2213020000','Keyboard','2213000000',2,'1'),('2213030000','Percussion','2213000000',3,'1'),('2213040000','Price Guides & Publications','2213000000',4,'1'),('2213050000','Reproductions','2213000000',5,'1'),('2213060000','String','2213000000',6,'1'),('2213070000','Wind','2213000000',7,'1'),('2213080000','Other','2213000000',8,'1'),('2214000000','Periods & Styles','2200000000',14,'1'),('2214010000','Aesthetic Movement','2214000000',1,'1'),('2214020000','Art Deco','2214000000',2,'1'),('2214030000','Art Nouveau','2214000000',3,'1'),('2214040000','Arts & Crafts Movement','2214000000',4,'1'),('2214050000','Arts & Crafts Movement','2214000000',5,'1'),('2214060000','Victorian','2214000000',6,'1'),('2214070000','Price Guides & Publications','2214000000',7,'1'),('2214080000','Other','2214000000',8,'1'),('2215000000','Primitives','2200000000',15,'1'),('2216000000','Restoration & Care','2200000000',16,'1'),('2216010000','Cleaners & Polish','2216000000',1,'1'),('2216020000','Software','2216000000',2,'1'),('2216030000','Storage & Display','2216000000',3,'1'),('2216040000','Other','2216000000',4,'1'),('2217000000','Rugs & Carpets','2200000000',17,'1'),('2217010000','Small (3x5 and smaller)','2217000000',1,'1'),('2217020000','Medium (4x6-6x9)','2217000000',2,'1'),('2217030000','Large (7x9-9x11)','2217000000',3,'1'),('2217040000','Extra Large (9x12 and larger)','2217000000',4,'1'),('2217050000','Runners','2217000000',5,'1'),('2217060000','Other','2217000000',6,'1'),('2218000000','Science & Medicine (Pre-1930)','2200000000',18,'1'),('2218010000','Apothecary & Pharmaceutical','2218000000',1,'1'),('2218020000','Dentistry','2218000000',2,'1'),('2218030000','Engineering','2218000000',3,'1'),('2218040000','Medicine','2218000000',4,'1'),('2218050000','Mining','2218000000',5,'1'),('2218060000','Optical','2218000000',6,'1'),('2218070000','Scientific Instruments','2218000000',7,'1'),('2218080000','Price Guides & Publications','2218000000',8,'1'),('2218090000','Other','2218000000',9,'1'),('2219000000','Sewing (Pre-1930)','2200000000',19,'1'),('2219010000','Baskets & Boxes','2219000000',1,'1'),('2219020000','Buttons','2219000000',2,'1'),('2219030000','Furniture','2219000000',3,'1'),('2219040000','Needles & Cases','2219000000',4,'1'),('2219050000','Patterns','2219000000',5,'1'),('2219060000','Pin Cushions','2219000000',6,'1'),('2219070000','Sewing Machines','2219000000',7,'1'),('2219080000','Sewing Machine Parts','2219000000',8,'1'),('2219090000','Spools & Thread','2219000000',9,'1'),('2219100000','Thimbles','2219000000',10,'1'),('2219110000','Tools, Scissors & Measures','2219000000',11,'1'),('2219120000','Price Guides & Publications','2219000000',12,'1'),('2219130000','Other','2219000000',13,'1'),('2220000000','Silver','2200000000',20,'1'),('2220010000','Sterling Silver (.925)','2220000000',1,'1'),('2220020000','Coin Silver (.900)','2220000000',2,'1'),('2220030000','Silver Alloys (.800-.899)','2220000000',3,'1'),('2220040000','Silverplate','2220000000',4,'1'),('2220050000','Non-U.S. Silver','2220000000',5,'1'),('2220060000','Unknown','2220000000',6,'1'),('2220070000','Price Guides & Publications','2220000000',7,'1'),('2221000000','Reproduction Antiques','2200000000',21,'1'),('2222000000','Other','2200000000',22,'1'),('3','Regular Chain Store',NULL,3,'3'),('3','GlobalSources.com',NULL,3,'4'),('4','Voluntary Chain Store',NULL,4,'3'),('4','Hktdc.com',NULL,4,'4'),('5','Wand.com',NULL,5,'4'),('6','Alibaba.com',NULL,6,'4'),('900000','Other',NULL,5,'3');

UNLOCK TABLES;



/*Data for the table `GLP_COUNTRY` */

LOCK TABLES `GLP_COUNTRY` WRITE;

insert  into `GLP_COUNTRY`(`ID`,`A2`,`A3`,`CODE`,`NAME`,`PHONE_CODE`) values (1,'AX','ALA','248','Aaland Islands',NULL),(2,'AF','AFG','004','Afghanistan','93'),(3,'AL','ALB','008','Albania','355'),(4,'DZ','DZA','012','Algeria','213'),(5,'AS','ASM','016','American Samoa','1'),(6,'AD','AND','020','Andorra','376'),(7,'AO','AGO','024','Angola','244'),(8,'AI','AIA','660','Anguilla','1264'),(9,'AQ','ATA','010','Antarctica','672'),(10,'AG','ATG','028','Antigua And Barbuda','1268'),(11,'AR','ARG','032','Argentina','54'),(12,'AM','ARM','051','Armenia','374'),(13,'AW','ABW','533','Aruba','297'),(14,'AU','AUS','036','Australia','61'),(15,'AT','AUT','040','Austria','43'),(16,'AZ','AZE','031','Azerbaijan','994'),(17,'BS','BHS','044','Bahamas','1242'),(18,'BH','BHR','048','Bahrain','973'),(19,'BD','BGD','050','Bangladesh','880'),(20,'BB','BRB','052','Barbados','1246'),(21,'BY','BLR','112','Belarus','375'),(22,'BE','BEL','056','Belgium','32'),(23,'BZ','BLZ','084','Belize','501'),(24,'BJ','BEN','204','Benin','229'),(25,'BM','BMU','060','Bermuda','1441'),(26,'BT','BTN','064','Bhutan','975'),(27,'BO','BOL','068','Bolivia','591'),(28,'BA','BIH','070','Bosnia And Herzegowina','387'),(29,'BW','BWA','072','Botswana','267'),(30,'BV','BVT','074','Bouvet Island',NULL),(31,'BR','BRA','076','Brazil','55'),(32,'IO','IOT','086','British Indian Ocean Territory','246'),(33,'BN','BRN','096','Brunei Darussalam','673'),(34,'BG','BGR','100','Bulgaria','359'),(35,'BF','BFA','854','Burkina Faso','226'),(36,'BI','BDI','108','Burundi','257'),(37,'KH','KHM','116','Cambodia','855'),(38,'CM','CMR','120','Cameroon','237'),(39,'CA','CAN','124','Canada','1'),(40,'CV','CPV','132','Cape Verde','238'),(41,'KY','CYM','136','Cayman Islands','1'),(42,'CF','CAF','140','Central African Republic','236'),(43,'TD','TCD','148','Chad','235'),(44,'CL','CHL','152','Chile','56'),(45,'CN','CHN','156','China','86'),(46,'CX','CXR','162','Christmas Island','61'),(47,'CC','CCK','166','Cocos (Keeling) Islands','61'),(48,'CO','COL','170','Colombia','57'),(49,'KM','COM','174','Comoros','269'),(50,'CD','COD','180','Congo, Democratic Republic Of (Was Zaire)','243'),(51,'CG','COG','178','Congo, Republic Of','242'),(52,'CK','COK','184','Cook Islands','682'),(53,'CR','CRI','188','Costa Rica','506'),(54,'CI','CIV','384','Cote D\'Ivoire','225'),(55,'HR','HRV','191','Croatia (Local Name: Hrvatska)','385'),(56,'CU','CUB','192','Cuba','53'),(57,'CY','CYP','196','Cyprus','357'),(58,'CZ','CZE','203','Czech Republic','420'),(59,'DK','DNK','208','Denmark','45'),(60,'DJ','DJI','262','Djibouti','253'),(61,'DM','DMA','212','Dominica','1'),(62,'DO','DOM','214','Dominican Republic','1'),(63,'EC','ECU','218','Ecuador','593'),(64,'EG','EGY','818','Egypt','20'),(65,'SV','SLV','222','El Salvador','503'),(66,'GQ','GNQ','226','Equatorial Guinea','240'),(67,'ER','ERI','232','Eritrea','291'),(68,'EE','EST','233','Estonia','372'),(69,'ET','ETH','231','Ethiopia','251'),(70,'FK','FLK','238','Falkland Islands(Malvinas)','500'),(71,'FO','FRO','234','Faroe Islands','298'),(72,'FJ','FJI','242','Fiji','679'),(73,'FI','FIN','246','Finland','358'),(74,'FR','FRA','250','France','33'),(75,'GF','GUF','254','French Guiana','594'),(76,'PF','PYF','258','French Polynesia','689'),(77,'TF','ATF','260','French Southern Territories',NULL),(78,'GA','GAB','266','Gabon','241'),(79,'GM','GMB','270','Gambia','220'),(80,'GE','GEO','268','Georgia','995'),(81,'DE','DEU','276','Germany','49'),(82,'GH','GHA','288','Ghana','233'),(83,'GI','GIB','292','Gibraltar','350'),(84,'GR','GRC','300','Greece','30'),(85,'GL','GRL','304','Greenland','299'),(86,'GD','GRD','308','Grenada','1809'),(87,'GP','GLP','312','Guadeloupe','590'),(88,'GU','GUM','316','Guam','1671'),(89,'GT','GTM','320','Guatemala','502'),(90,'GN','GIN','324','Guinea','224'),(91,'GW','GNB','624','Guinea-Bissau','245'),(92,'GY','GUY','328','Guyana','592'),(93,'HT','HTI','332','Haiti','509'),(94,'HM','HMD','334','Heard And Mc Donald Islands',NULL),(95,'HN','HND','340','Honduras','504'),(96,'HK','HKG','344','Hong Kong','852'),(97,'HU','HUN','348','Hungary','36'),(98,'IS','ISL','352','Iceland','354'),(99,'IN','IND','356','India','91'),(100,'ID','IDN','360','Indonesia','62'),(101,'IR','IRN','364','Iran (Islamic Republic Of)','98'),(102,'IQ','IRQ','368','Iraq','964'),(103,'IE','IRL','372','Ireland','353'),(104,'IL','ISR','376','Israel','972'),(105,'IT','ITA','380','Italy','39'),(106,'JM','JAM','388','Jamaica','1876'),(107,'JP','JPN','392','Japan','81'),(108,'JO','JOR','400','Jordan','962'),(109,'KZ','KAZ','398','Kazakhstan','007'),(110,'KE','KEN','404','Kenya','254'),(111,'KI','KIR','296','Kiribati','686'),(112,'KP','PRK','408','Korea, Democratic People\'S Republic Of','82'),(113,'KR','KOR','410','Korea, Republic Of','850'),(114,'KW','KWT','414','Kuwait','965'),(115,'KG','KGZ','417','Kyrgyzstan','331'),(116,'LA','LAO','418','Lao People\'S Democratic Republic','856'),(117,'LV','LVA','428','Latvia','371'),(118,'LB','LBN','422','Lebanon','961'),(119,'LS','LSO','426','Lesotho','266'),(120,'LR','LBR','430','Liberia','231'),(121,'LY','LBY','434','Libyan Arab Jamahiriya','218'),(122,'LI','LIE','438','Liechtenstein','423'),(123,'LT','LTU','440','Lithuania','370'),(124,'LU','LUX','442','Luxembourg','352'),(125,'MO','MAC','446','Macau','853'),(126,'MK','MKD','807','Macedonia, The Former Yugoslav Republic Of','389'),(127,'MG','MDG','450','Madagascar','261'),(128,'MW','MWI','454','Malawi','265'),(129,'MY','MYS','458','Malaysia','60'),(130,'MV','MDV','462','Maldives','960'),(131,'ML','MLI','466','Mali','223'),(132,'MT','MLT','470','Malta','356'),(133,'MH','MHL','584','Marshall Islands','692'),(134,'MQ','MTQ','474','Martinique','596'),(135,'MR','MRT','478','Mauritania','222'),(136,'MU','MUS','480','Mauritius','230'),(137,'YT','MYT','175','Mayotte','269'),(138,'MX','MEX','484','Mexico','52'),(139,'FM','FSM','583','Micronesia, Federated States Of','691'),(140,'MD','MDA','498','Moldova, Republic Of','373'),(141,'MC','MCO','492','Monaco','377'),(142,'MN','MNG','496','Mongolia','976'),(143,'MS','MSR','500','Montserrat','1'),(144,'MA','MAR','504','Morocco','212'),(145,'MZ','MOZ','508','Mozambique','258'),(146,'MM','MMR','104','Myanmar','95'),(147,'NA','NAM','516','Namibia','264'),(148,'NR','NRU','520','Nauru','674'),(149,'NP','NPL','524','Nepal','977'),(150,'NL','NLD','528','Netherlands','31'),(151,'AN','ANT','530','Netherlands Antilles','599'),(152,'NC','NCL','540','New Caledonia','687'),(153,'NZ','NZL','554','New Zealand','64'),(154,'NI','NIC','558','Nicaragua','505'),(155,'NE','NER','562','Niger','227'),(156,'NG','NGA','566','Nigeria','234'),(157,'NU','NIU','570','Niue','683'),(158,'NF','NFK','574','Norfolk Island','672'),(159,'MP','MNP','580','Northern Mariana Islands','1'),(160,'NO','NOR','578','Norway','47'),(161,'OM','OMN','512','Oman','968'),(162,'PK','PAK','586','Pakistan','92'),(163,'PW','PLW','585','Palau','680'),(164,'PS','PSE','275','Palestinian Territory, Occupied','970'),(165,'PA','PAN','591','Panama','507'),(166,'NEW GUINEA','PG','PNG','Papua','675'),(167,'PY','PRY','600','Paraguay','595'),(168,'PE','PER','604','Peru','51'),(169,'PH','PHL','608','Philippines','63'),(170,'PN','PCN','612','Pitcairn',NULL),(171,'PL','POL','616','Poland','48'),(172,'PT','PRT','620','Portugal','351'),(173,'PR','PRI','630','Puerto Rico','1787'),(174,'QA','QAT','634','Qatar','974'),(175,'RE','REU','638','Reunion','262'),(176,'RO','ROU','642','Romania','40'),(177,'RU','RUS','643','Russian Federation','7'),(178,'RW','RWA','646','Rwanda','250'),(179,'SH','SHN','654','Saint Helena','290'),(180,'KN','KNA','659','Saint Kitts And Nevis','1'),(181,'LC','LCA','662','Saint Lucia','1'),(182,'PM','SPM','666','Saint Pierre And Miquelon','508'),(183,'VC','VCT','670','Saint Vincent And The Grenadines','1'),(184,'WS','WSM','882','Samoa','1'),(185,'SM','SMR','674','San Marino','378'),(186,'ST','STP','678','Sao Tome And Principe','239'),(187,'SA','SAU','682','Saudi Arabia','966'),(188,'SN','SEN','686','Senegal','221'),(189,'CS','SCG','891','Serbia And Montenegro','381'),(190,'SC','SYC','690','Seychelles','248'),(191,'SL','SLE','694','Sierra Leone','232'),(192,'SG','SGP','702','Singapore','65'),(193,'SK','SVK','703','Slovakia','421'),(194,'SI','SVN','705','Slovenia','386'),(195,'SB','SLB','090','Solomon Islands','677'),(196,'SO','SOM','706','Somalia','252'),(197,'ZA','ZAF','710','South Africa','27'),(198,'GS','SGS','239','South Georgia And The South Sandwich Islands',NULL),(199,'ES','ESP','724','Spain','34'),(200,'LANKA','LK','LKA','Sri','94'),(201,'SD','SDN','736','Sudan','249'),(202,'SR','SUR','740','Suriname','597'),(203,'SJ','SJM','744','Svalbard And Jan Mayen Islands','47'),(204,'SZ','SWZ','748','Swaziland','268'),(205,'SE','SWE','752','Sweden','46'),(206,'CH','CHE','756','Switzerland','41'),(207,'SY','SYR','760','Syrian Arab Republic','963'),(208,'TW','TWN','158','Taiwan','886'),(209,'TJ','TJK','762','Tajikistan','992'),(210,'OF','TZ','TZA','Tanzania, United Republic','255'),(211,'TH','THA','764','Thailand','66'),(212,'TL','TLS','626','Timor-Leste','670'),(213,'TG','TGO','768','Togo','228'),(214,'TK','TKL','772','Tokelau','690'),(215,'TO','TON','776','Tonga','676'),(216,'TT','TTO','780','Trinidad And Tobago','1809'),(217,'TN','TUN','788','Tunisia','216'),(218,'TR','TUR','792','Turkey','90'),(219,'TM','TKM','795','Turkmenistan','993'),(220,'TC','TCA','796','Turks And Caicos Islands','1649'),(221,'TV','TUV','798','Tuvalu','688'),(222,'UG','UGA','800','Uganda','256'),(223,'UA','UKR','804','Ukraine','380'),(224,'AE','ARE','784','United Arab Emirates','971'),(225,'GB','GBR','826','United Kingdom','44'),(226,'US','USA','840','United States','1'),(227,'UM','UMI','581','United States Minor Outlying Islands','1'),(228,'UY','URY','858','Uruguay','598'),(229,'UZ','UZB','860','Uzbekistan','233'),(230,'VU','VUT','548','Vanuatu','678'),(231,'VA','VAT','336','Vatican City State (Holy See)','379'),(232,'VE','VEN','862','Venezuela','58'),(233,'VN','VNM','704','Vietnam','84'),(234,'VG','VGB','092','Virgin Islands (British)','1284'),(235,'VI','VIR','850','Virgin Islands (U.S.)','1340'),(236,'WF','WLF','876','Wallis And Futuna Islands','681'),(237,'EH','ESH','732','Western Sahara','967'),(238,'YE','YEM','887','Yemen','967'),(239,'ZM','ZMB','894','Zambia','260'),(240,'ZW','ZWE','716','Zimbabwe','263');

UNLOCK TABLES;

/*Data for the table `GLP_COUNTRY_STATE` */

LOCK TABLES `GLP_COUNTRY_STATE` WRITE;

insert  into `GLP_COUNTRY_STATE`(`ID`,`ABBREVIATION`,`CODE`,`NUMBERICAL_CODE`,`NAME`,`COUNTRY_ID`) values (1,'Ala.','AL','01','Alabama',226),(2,'Alaska','AK','02','Alaska',226),(3,'Ariz.','AZ','04','Arizona',226),(4,'Ark.','AR','05','Arkansas',226),(5,'Calif.','CA','06','California',226),(6,'Colo.','CO','08','Colorado',226),(7,'Conn.','CT','09','Connecticut',226),(8,'Del.','DE','10','Delaware',226),(9,'D.C.','DC','11','District of Columbia',226),(10,'Fla.','FL','12','Florida',226),(11,'Ga.','GA','13','Georgia',226),(12,'Hawaii','HI','15','Hawaii',226),(13,'Idaho','ID','16','Idaho',226),(14,'Ill.','IL','17','Illinois',226),(15,'Ind.','IN','18','Indiana',226),(16,'Iowa','IA','19','Iowa',226),(17,'Kans.','KS','20','Kansas',226),(18,'Ky.','KY','21','Kentucky',226),(19,'La.','LA','22','Louisiana',226),(20,'Maine','ME','23','Maine',226),(21,'Md.','MD','24','Maryland',226),(22,'Mass.','MA','25','Massachusetts',226),(23,'Mich.','MI','26','Michigan',226),(24,'Minn.','MN','27','Minnesota',226),(25,'Miss.','MS','28','Mississippi',226),(26,'Mo.','MO','29','Missouri',226),(27,'Mont.','MT','30','Montana',226),(28,'Nebr.','NE','31','Nebraska',226),(29,'Nev.','NV','32','Nevada',226),(30,'N.H.','NH','33','New Hampshire',226),(31,'N.J.','NJ','34','New Jersey',226),(32,'N. Mex.','NM','35','New Mexico',226),(33,'N.Y.','NY','36','New York',226),(34,'N.C.','NC','37','North Carolina',226),(35,'N. Dak.','ND','38','North Dakota',226),(36,'Ohio','OH','39','Ohio',226),(37,'Okla.','OK','40','Oklahoma',226),(38,'Oreg.','OR','41','Oregon',226),(39,'Pa.','PA','42','Pennsylvania',226),(40,'R.I.','RI','44','Rhode Island',226),(41,'S.C.','SC','45','South Carolina',226),(42,'S. Dak.','SD','46','South Dakota',226),(43,'Tenn.','TN','47','Tennessee',226),(44,'Tex.','TX','48','Texas',226),(45,'Utah','UT','49','Utah',226),(46,'Vt.','VT','50','Vermont',226),(47,'Va.','VA','51','Virginia',226),(48,'Wash.','WA','53','Washington',226),(49,'W. Va.','WV','54','West Virginia',226),(50,'Wis.','WI','55','Wisconsin',226),(51,'Wyo.','WY','56','Wyoming',226),(60,'','AB','','Alberta',39),(61,'','BC','','British Columbia',39),(62,'','MB','','Manitoba',39),(63,'','NB','','New Brunswick',39),(64,'','NL','','Newfoundland & Labrador',39),(65,'','NS','','Nova Scotia',39),(66,'','NT','','Northwest Territories',39),(67,'','NU','','Nunavut',39),(68,'','ON','','Ontario',39),(69,'','QC','','Provence de Québec',39),(70,'','SK','','Saskatchewan',39),(71,'','YT','','Yukon Territory',39),(72,'','PE','','Prince Edward Island',39),(73,'','NSW','','New South Wales',14),(74,'','QLD','','Queensland',14),(75,'','SA','','South Australia',14),(76,'','TAS','','Tasmania',14),(77,'','VIC','','Victoria',14),(78,'','WA','','Western Australia',14),(79,'','code','','Adygea',177),(80,'','code','','Aga Buryat',177),(81,'','code','','Altay',177),(82,'','code','','Amur',177),(83,'','code','','Arkhangelsk',177),(84,'','code','','Astrakhan',177),(85,'','code','','Bashkortostan',177),(86,'','code','','Belgorod',177),(87,'','code','','Bryansk',177),(88,'','code','','Buryatia',177),(89,'','code','','Checheno-Ingushetia',177),(90,'','code','','Chelyabinsk',177),(91,'','code','','Chita',177),(92,'','code','','Chukchi',177),(93,'','code','','Chuvashia',177),(94,'','code','','Ciscaucasia',177),(95,'','code','','Dagestan',177),(96,'','code','','Eastern Siberia',177),(97,'','code','','European part',177),(98,'','code','','Evenk',177),(99,'','code','','Far East',177),(100,'','code','','Gorno-Altay',177),(101,'','code','','Irkutsk',177),(102,'','code','','Ivanovo',177),(103,'','code','','Kabardino-Balkaria',177),(104,'','code','','Kaliningrad',177),(105,'','code','','Kalmykia',177),(106,'','code','','Kaluga',177),(107,'','code','','Kamchatka',177),(108,'','code','','Karachay-Cherkessia',177),(109,'','code','','Karelia',177),(110,'','code','','Kemerovo',177),(111,'','code','','Khabarovsk',177),(112,'','code','','Khakassia',177),(113,'','code','','Khanty-Mansi',177),(114,'','code','','Kirov',177),(115,'','code','','Komi',177),(116,'','code','','Komi-Permyak',177),(117,'','code','','Koryak',177),(118,'','code','','Kostroma',177),(119,'','code','','Krasnodar',177),(120,'','code','','Krasnoyarsk',177),(121,'','code','','Kurgan',177),(122,'','code','','Kurile Islands',177),(123,'','code','','Kursk',177),(124,'','code','','Leningrad',177),(125,'','code','','Lipetsk',177),(126,'','code','','Magadan',177),(127,'','code','','Mari-El',177),(128,'','code','','Mordvinia',177),(129,'','code','','Moscow',177),(130,'','code','','Murmansk',177),(131,'','code','','Nenets',177),(132,'','code','','Nizhniy Novgorod',177),(133,'','code','','North Ossetia',177),(134,'','code','','Novgorod',177),(135,'','code','','Novosibirsk',177),(136,'','code','','Omsk',177),(137,'','code','','Orel',177),(138,'','code','','Orenburg',177),(139,'','code','','Penza',177),(140,'','code','','Perm',177),(141,'','code','','Primorye',177),(142,'','code','','Pskov',177),(143,'','code','','Rostov',177),(144,'','code','','Ryazan',177),(145,'','code','','Sakhalin',177),(146,'','code','','Samara',177),(147,'','code','','Saratov',177),(148,'','code','','Smolensk',177),(149,'','code','','Stavropol',177),(150,'','code','','Sverdlovsk',177),(151,'','code','','Tambov',177),(152,'','code','','Tatarstan',177),(153,'','code','','Taymyr',177),(154,'','code','','Tomsk',177),(155,'','code','','Tula',177),(156,'','code','','Tuva',177),(157,'','code','','Tver',177),(158,'','code','','Tyumen',177),(159,'','code','','Udmurtia',177),(160,'','code','','Ulyanovsk',177),(161,'','code','','Ust Orda Buryat',177),(162,'','code','','Vladimir',177),(163,'','code','','Volgograd',177),(164,'','code','','Vologda',177),(165,'','code','','Voronezh',177),(166,'','code','','Western Siberia',177),(167,'','code','','Yakutia-Sakha',177),(168,'','code','','Yamal Nenets',177),(169,'','code','','Yaroslavl',177),(170,'','code','','Yevrey',177),(171,'Beijing','BJ','11','Beijing Municipality',45),(172,'Tianjin','TJ','12','Tianjin Municipality',45),(173,'Hebei','HE','13','Hebei Province',45),(174,'Shanxi','SX','14','Shanxi Province',45),(175,'Inner Mongolia','NM','15','Inner Mongolia Autonomous Region',45),(176,'Liaoning','LN','21','Liaoning Province',45),(177,'Jilin','JL','22','Jilin Province',45),(178,'Heilongjiang','HL','23','Heilongjiang Province',45),(179,'Shanghai','SH','31','Shanghai Municipality',45),(180,'Jiangsu','JS','32','Jiangsu Province',45),(181,'Zhejiang','ZJ','33','Zhejiang Province',45),(182,'Anhui','AH','34','Anhui Province',45),(183,'Fujian','FJ','35','Fujian Province',45),(184,'Jiangxi','JX','36','Jiangxi Province',45),(185,'Shandong','SD','37','Shandong Province',45),(186,'Henan','HA','41','Henan Province',45),(187,'Hubei','HB','42','Hubei Province',45),(188,'Hunan','HN','43','Hunan Province',45),(189,'Guangdong','GD','44','Guangdong Province',45),(190,'Guangxi','GX','45','Guangxi Zhuang Autonomous Region',45),(191,'Hainan','HI','41','Hainan Province',45),(192,'Chongqing','CQ','50','Chongqing Municipality',45),(193,'Sichuan','SC','51','Sichuan Province',45),(194,'Guizhou','GZ','52','Guizhou Province',45),(195,'Yunnan','YN','53','Yunnan Province',45),(196,'Tibet','XZ','54','Tibet Autonomous Region',45),(197,'Shaanxi','SN','61','Shaanxi Province',45),(198,'Gansu','GS','62','Gansu Province',45),(199,'Qinghai','QH','63','Qinghai Province',45),(200,'Ningxia','NX','64','Ningxia Hui Autonomous Region',45),(201,'Xinjiang','XJ','65','Xinjiang Uyghur Autonomous Region',45),(202,'Hong Kong','HK','91','Hong Kong Special Administrative Region',45),(203,'Macau','MC','92','Macau Special Administrative Region',45),(204,'Taiwan','TW','71','Taiwan Province',45),(205,'','ACT',NULL,'Australian Capital Territory',14),(206,'','NT',NULL,'Northern Territory',14),(207,'','AG',NULL,'Agrigento',105),(208,'','AL',NULL,'Alessandria',105),(209,'','AN',NULL,'Ancona',105),(210,'','AO',NULL,'Aosta',105),(211,'','AR',NULL,'Arezzo',105),(212,'','AP',NULL,'Ascoli Piceno',105),(213,'','AT',NULL,'Asti',105),(214,'','AV',NULL,'Avellino',105),(215,'','BA',NULL,'Bari',105),(216,'','BT',NULL,'Barletta-Andria-Trani',105),(217,'','BL',NULL,'Belluno',105),(218,'','BN',NULL,'Benevento',105),(219,'','BG',NULL,'Bergamo',105),(220,'','BI',NULL,'Biella',105),(221,'','BO',NULL,'Bologna',105),(222,'','BZ',NULL,'Bolzano',105),(223,'','BS',NULL,'Brescia',105),(224,'','BR',NULL,'Brindisi',105),(225,'','CA',NULL,'Cagliari',105),(226,'','CL',NULL,'Caltanissetta',105),(227,'','CB',NULL,'Campobasso',105),(228,'','CI',NULL,'Carbonia-Iglesias',105),(229,'','CE',NULL,'Caserta',105),(230,'','CT',NULL,'Catania',105),(231,'','CZ',NULL,'Catanzaro',105),(232,'','CH',NULL,'Chieti',105),(233,'','CO',NULL,'Como',105),(234,'','CS',NULL,'Cosenza',105),(235,'','CR',NULL,'Cremona',105),(236,'','KR',NULL,'Crotone',105),(237,'','CN',NULL,'Cuneo',105),(238,'','EN',NULL,'Enna',105),(239,'','FM',NULL,'Fermo',105),(240,'','FE',NULL,'Ferrara',105),(241,'','FI',NULL,'Firenze',105),(242,'','FG',NULL,'Foggia',105),(243,'','FC',NULL,'Forlì-Cesena',105),(244,'','FR',NULL,'Frosinone',105),(245,'','GE',NULL,'Genova',105),(246,'','GO',NULL,'Gorizia',105),(247,'','GR',NULL,'Grosseto',105),(248,'','IM',NULL,'Imperia',105),(249,'','IS',NULL,'Isernia',105),(250,'','SP',NULL,'La Spezia',105),(251,'','AQ',NULL,'L\'Aquila',105),(252,'','LT',NULL,'Latina',105),(253,'','LE',NULL,'Lecce',105),(254,'','LC',NULL,'Lecco',105),(255,'','LI',NULL,'Livorno',105),(256,'','LO',NULL,'Lodi',105),(257,'','LU',NULL,'Lucca',105),(258,'','MC',NULL,'Macerata',105),(259,'','MN',NULL,'Mantova',105),(260,'','MS',NULL,'Massa-Carrara',105),(261,'','MT',NULL,'Matera',105),(262,'','ME',NULL,'Messina',105),(263,'','MI',NULL,'Milano',105),(264,'','MO',NULL,'Modena',105),(265,'','MB',NULL,'Monza e della Brianza',105),(266,'','NA',NULL,'Napoli',105),(267,'','NO',NULL,'Novara',105),(268,'','NU',NULL,'Nuoro',105),(269,'','OT',NULL,'Olbia-Tempio',105),(270,'','OR',NULL,'Oristano',105),(271,'','PD',NULL,'Padova',105),(272,'','PA',NULL,'Palermo',105),(273,'','PR',NULL,'Parma',105),(274,'','PV',NULL,'Pavia',105),(275,'','PG',NULL,'Perugia',105),(276,'','PU',NULL,'Pesaro e Urbino',105),(277,'','PE',NULL,'Pescara',105),(278,'','PC',NULL,'Piacenza',105),(279,'','PI',NULL,'Pisa',105),(280,'','PT',NULL,'Pistoia',105),(281,'','PN',NULL,'Pordenone',105),(282,'','PZ',NULL,'Potenza',105),(283,'','PO',NULL,'Prato',105),(284,'','RG',NULL,'Ragusa',105),(285,'','RA',NULL,'Ravenna',105),(286,'','RC',NULL,'Reggio Calabria',105),(287,'','RE',NULL,'Reggio Emilia',105),(288,'','RI',NULL,'Rieti',105),(289,'','RN',NULL,'Rimini',105),(290,'','RM',NULL,'Roma',105),(291,'','RO',NULL,'Rovigo',105),(292,'','SA',NULL,'Salerno',105),(293,'','VS',NULL,'Medio Campidano',105),(294,'','SS',NULL,'Sassari',105),(295,'','SV',NULL,'Savona',105),(296,'','SI',NULL,'Siena',105),(297,'','SR',NULL,'Siracusa',105),(298,'','SO',NULL,'Sondrio',105),(299,'','TA',NULL,'Taranto',105),(300,'','TE',NULL,'Teramo',105),(301,'','TR',NULL,'Terni',105),(302,'','TO',NULL,'Torino',105),(303,'','OG',NULL,'Ogliastra',105),(304,'','TP',NULL,'Trapani',105),(305,'','TN',NULL,'Trento',105),(306,'','TV',NULL,'Treviso',105),(307,'','TS',NULL,'Trieste',105),(308,'','UD',NULL,'Udine',105),(309,'','VA',NULL,'Varese',105),(310,'','VE',NULL,'Venezia',105),(311,'','VB',NULL,'Verbano-Cusio-Ossola',105),(312,'','VC',NULL,'Vercelli',105),(313,'','VR',NULL,'Verona',105),(314,'','VV',NULL,'Vibo Valentia',105),(315,'','VI',NULL,'Vicenza',105),(316,'','VT',NULL,'Viterbo',105),(334,'','﻿AC',NULL,'Acre',31),(335,'','AL',NULL,'Alagoas',31),(336,'','AP',NULL,'Amapá',31),(337,'','AM',NULL,'Amazonas',31),(338,'','BA',NULL,'Bahia',31),(339,'','CE',NULL,'Ceará',31),(340,'','DF',NULL,'Distrito Federal',31),(341,'','ES',NULL,'Espírito Santo',31),(342,'','GO',NULL,'Goiás',31),(343,'','MA',NULL,'Maranhão',31),(344,'','MT',NULL,'Mato Grosso',31),(345,'','MS',NULL,'Mato Grosso do Sul',31),(346,'','MG',NULL,'Minas Gerais',31),(347,'','PA',NULL,'Pará',31),(348,'','PB',NULL,'Paraíba',31),(349,'','PR',NULL,'Paraná',31),(350,'','PE',NULL,'Pernambuco',31),(351,'','PI',NULL,'Piauí',31),(352,'','RJ',NULL,'Rio de Janeiro',31),(353,'','RN',NULL,'Rio Grande do Norte',31),(354,'','RS',NULL,'Rio Grande do Sul',31),(355,'','RO',NULL,'São Paulo',31),(356,'','RR',NULL,'Roraima',31),(357,'','SC',NULL,'Santa Catarina',31),(358,'','SP',NULL,'São Paulo',31),(359,'','SE',NULL,'Sergipe',31),(360,'','TO',NULL,'Tocantins',0);

UNLOCK TABLES;

/*!40101 SET SQL_MODE=@OLD_SQL_MODE */;
/*!40014 SET UNIQUE_CHECKS=@OLD_UNIQUE_CHECKS */;
/*!40111 SET SQL_NOTES=@OLD_SQL_NOTES */;
/** default user **/
insert into `GLP_USER` (`EMAIL`, `PASSWORD`, `MD5_PASSWORD`, `USER_NAME`, `STATUS`, `IP`, `ROLE`, `CREATE_DATE`, `UPDATE_TIMESTAMP`, `DELETE_DATE`, `VERIFY_DATE`) values('youyi@goldenlinkplus.com','123456','b57f370ea0325d22e3512620fb9fbf02',NULL,'1','127.0.0.1','5','2014-05-06 17:09:55','2014-05-06 17:22:13',NULL,'2014-05-06 17:10:06');

